Stop,StopTranslated,Fish,FishTranslated,BaitRagworm,BaitKrill,BaitPlumpWorm,BaitVersatileLure,BaitSpecial,BaitMooch,BaitSpecialType,BaitSpecialTypeTranslated,BaitMoochType,BaitMoochTypeTranslated,BestBait,BestBaitTranslated,Points,DH,TH,Bite,Hookset,hooksetName,WeatherFairSkies,WeatherClouds,WeatherFog,WeatherSpecial1,WeatherSpecial2,WeatherClearSkies,WeatherSpecial1Type,WeatherSpecial1TypeTranslated,WeatherSpecial2Type,WeatherSpecial2TypeTranslated,TimeFrameDay,TimeFrameSunset,TimeFrameNight,Stars,Mission,Species,SpeciesTranslated,Intuition,FabledTable,Route1,Route2,Route3,Route4,Route5,Route6,Route7,Route8,Route9,Route10,Route11,Route12
Galadion,Baie de Galadion,Galadion Goby,Gobie de Galadion,4 - 8,4 - 8,4 - 8,6 - 12,,,,,,,Ragworm,Teigne,10,2,3,!,Precision,Ferrage précis,Yes,Yes,Yes,Yes,Yes,Yes,Rain,Pluie,Showers,Pluie torrentielle,,,,1,,,,,Yes,Yes,Yes,Yes,Yes,Yes,Yes,No,No,No,No,No,No
Galadion,Baie de Galadion,T!Galadion Chovy,Anchois de Galadion,6 - 11,6 - 11,6 - 11,8 - 14,,,,,,,Krill,Krill,11,2,3,!,Precision,Ferrage précis,Yes,Yes,Yes,Yes,Yes,Yes,Rain,Pluie,Showers,Pluie torrentielle,,,,1,,,,,Yes,Yes,Yes,Yes,Yes,Yes,Yes,No,No,No,No,No,No
Galadion,Baie de Galadion,Leopard Eel,Anguille léopard,9 - 17,9 - 17,9 - 17,12 - 19,,,,,,,Plump Worm,Ver charnu,14,2,3,!!,Powerful,Ferrage puissant,Yes,Yes,Yes,No,No,Yes,Rain,Pluie,Showers,Pluie torrentielle,,,,1,,,,,No,Yes,Yes,Yes,Yes,Yes,Yes,No,No,No,No,No,No
Galadion,Baie de Galadion,Jasperhead,Tête-de-jaspe,15 - 24,10 - 19,15 - 24,15 - 25,,,,,,,Krill,Krill,40,2,3,!!,Powerful,Ferrage puissant,Yes,No,No,Yes,Yes,Yes,Rain,Pluie,Showers,Pluie torrentielle,,,,2,,,,,No,Yes,Yes,Yes,Yes,Yes,Yes,No,No,No,No,No,No
Galadion,Baie de Galadion,Tarnished Shark,Requin terni,20 - 37,20 - 37,15 - 32,20 - 37,,,,,,,Plump Worm,Ver charnu,34,2,3,!!!,Powerful,Ferrage puissant,Yes,Yes,Yes,Yes,No,Yes,Rain,Pluie,Showers,Pluie torrentielle,,,,2,S,Shark,Requin,,Yes,Yes,Yes,Yes,Yes,Yes,Yes,No,No,No,No,No,No
Galadion,Baie de Galadion,Rosy Bream,Brème rosée,12 - 18 ,7 - 13,12 - 18,12 - 18,,,,,,,Krill,Krill,34,3 - 4,5 - 7,!,Precision,Ferrage précis,Yes,Yes,Yes,Yes,Yes,Yes,Rain,Pluie,Showers,Pluie torrentielle,,,,2,,,,,No,Yes,Yes,Yes,Yes,Yes,Yes,No,No,No,No,No,No
Galadion,Baie de Galadion,Cyan Octopus,Poulpe céruléen,17 - 28,17 - 28,17 - 28,17 - 28,,,,,,,Krill,Krill,59,4,7,!!,Powerful,Ferrage puissant,Yes,Yes,Yes,Yes,Yes,Yes,Rain,Pluie,Showers,Pluie torrentielle,,,,3,,Octopus,Pieuvre,,No,Yes,Yes,Yes,Yes,Yes,Yes,No,No,No,No,No,No
Galadion,Baie de Galadion,Heavenswimmer,Poisson-papillon élyséen,15 - 25,15 - 25,15 - 25,16 - 25,,,,,,,Ragworm,Teigne,50,2,3,!,Precision,Ferrage précis,Yes,Yes,Yes,Yes,Yes,Yes,Rain,Pluie,Showers,Pluie torrentielle,,,,3,,,,,No,Yes,Yes,Yes,Yes,Yes,Yes,No,No,No,No,No,No
Galadion,Baie de Galadion,Spectral Megalodon,Mégalodon spectral,20 - 37,20 - 37,20 - 37,21 - 37,,,,,,,Krill,Krill,100,1,1,!!!,Powerful,Ferrage puissant,Yes,Yes,Yes,Yes,Yes,No,Rain,Pluie,Showers,Pluie torrentielle,,,,4,,,,,Yes,Yes,Yes,Yes,Yes,Yes,Yes,No,No,No,No,No,No
Galadion,Baie de Galadion,I!Drunkfish,Psychrolutes aviné,,15 - 28,,,,,,,,,Krill,Krill,253,1,1,!!!,Powerful,Ferrage puissant,Yes,Yes,Yes,Yes,Yes,Yes,Rain,Pluie,Showers,Pluie torrentielle,,,,4,,,,"(60s) x3 <img class=""iconMini"" src=""../img/fish/Galadion Chovy.png"" alt=""Anchois de Galadion"" data-bs-toggle=""tooltip"" data-bs-trigger=""hover"" data-bs-title=""Anchois de Galadion"" tabindex=""0"">",No,Yes,Yes,Yes,Yes,Yes,Yes,No,No,No,No,No,No
Galadion,Baie de Galadion,Merman's Mane,Crinière de triton,2 - 3,2 - 3,2 - 3,4 - 6,4 - 6,,Glowworm,Ver luisant,,,Krill,Krill,94,4,7,!!,Powerful,Ferrage puissant,,,,,,,,,,,Yes,Yes,Yes,4,,Octopus,Pieuvre,,No,Yes,Yes,Yes,Yes,Yes,Yes,No,No,No,No,No,No
Galadion,Baie de Galadion,T!Heavenskey,Clef du paradis,2 - 3,2 -3 ,2 - 3,4 - 6,2 - 3,,Glowworm,Ver luisant,,,Ragworm,Teigne,67,2,3,!,Precision,Ferrage précis,,,,,,,,,,,Yes,Yes,Yes,4,,,,,Yes,Yes,Yes,Yes,Yes,Yes,Yes,No,No,No,No,No,No
Galadion,Baie de Galadion,Ghost Shark,Requin-fantôme,3 - 4,3 - 4,3 - 4,5 - 7,5 - 7,,Glowworm,Ver luisant,,,Plump Worm,Ver charnu,78,4,7,!!,Powerful,Ferrage puissant,,,,,,,,,,,Yes,Yes,Yes,4,S,Shark,Requin,,No,Yes,Yes,Yes,Yes,Yes,Yes,No,No,No,No,No,No
Galadion,Baie de Galadion,Fishmonger,Poissonnière,4.5 - 8,4.5 - 8,4.5 - 8,5 - 10,4.5 - 8,,Glowworm,Ver luisant,,,Plump Worm,Ver charnu,78,2,3,!!,Powerful,Ferrage puissant,,,,,,,,,,,Yes,Yes,Yes,4,,,,,No,Yes,Yes,Yes,Yes,Yes,Yes,No,No,No,No,No,No
Galadion,Baie de Galadion,T!Navigator's Print,Empreinte de Llymlaen,3 - 4,3 - 4,3 - 4,5 - 7,3 - 4,,Glowworm,Ver luisant,,,Krill,Krill,71,2,3,!,Precision,Ferrage précis,,,,,,,,,,,Yes,Yes,Yes,4,,,,,Yes,Yes,Yes,Yes,Yes,Yes,Yes,No,No,No,No,No,No
Galadion,Baie de Galadion,Casket Oyster,Huître cercueil,7 - 11,,,9 - 13,,,Glowworm,Ver luisant,,,Ragworm,Teigne,222,2,3,!,Precision,Ferrage précis,,,,,,,,,,,Yes,No,No,4,,,,,No,Yes,No,No,No,Yes,No,No,No,No,No,No,No
Galadion,Baie de Galadion,Quicksilver Blade,Lame vif-argent,,,5 - 7,6 - 8,,,Glowworm,Ver luisant,,,Plump Worm,Ver charnu,213,2,3,!!,Powerful,Ferrage puissant,,,,,,,,,,,No,Yes,No,4,S,Shark,Requin,,No,No,Yes,No,No,No,Yes,No,No,No,No,No,No
Galadion,Baie de Galadion,Funnel Shark,Requin entonnoir,,,7 - 11,9 - 12,,,Glowworm,Ver luisant,,,Plump Worm,Ver charnu,213,4,7,!!!,Powerful,Ferrage puissant,,,,,,,,,,,No,Yes,No,4,S,Shark,Requin,,No,No,Yes,No,No,No,Yes,No,No,No,No,No,No
Galadion,Baie de Galadion,Nimble Dancer,Danseuse agile,12 - 16,,,14 - 18,,,Glowworm,Ver luisant,,,Ragworm,Teigne,444,2,3,!,Precision,Ferrage précis,,,,,,,,,,,Yes,No,No,4,,,,,No,Yes,No,No,No,Yes,No,No,No,No,No,No,No
Galadion,Baie de Galadion,F!Sothis,Sothis,,,,,9 - 12,,Glowworm,Ver luisant,,,Glowworm,Ver luisant,500,1,1,!!!,Powerful,Ferrage puissant,,,,,,,,,,,No,No,Yes,5,,,,"(15s) x2 <img class=""iconMini"" src=""../img/fish/Heavenskey.png"" alt=""Clef du paradis"" data-bs-toggle=""tooltip"" data-bs-trigger=""hover"" data-bs-title=""Clef du paradis"" tabindex=""0""> + x1 <img class=""iconMini"" src=""../img/fish/Navigator_s Print.png"" alt=""Empreinte de Llymlaen"" data-bs-toggle=""tooltip"" data-bs-trigger=""hover"" data-bs-title=""Empreinte de Llymlaen"" tabindex=""0"">",Yes,No,No,Yes,Yes,No,No,No,No,No,No,No,No
Southern,Détroit sud de Merlthor,M!Ghoul Barracuda,Barracuda goule,4 - 8,4 - 8,4 - 8,7 - 11,,,,,,,Krill,Krill,10,2,3,!!,Powerful,Ferrage puissant,Yes,Yes,Yes,No,No,Yes,Wind,Vent,Gales,Vents violents,,,,1,,,,,Yes,Yes,Yes,Yes,Yes,Yes,Yes,No,No,No,No,No,No
Southern,Détroit sud de Merlthor,La Noscean Jelly,Méduse noscéenne,2 - 5,2 - 5,2 - 5,5 - 8,,,,,,,Ragworm,Teigne,10,3 - 4,5 - 7,!,Precision,Ferrage précis,Yes,Yes,Yes,Yes,Yes,Yes,Wind,Vent,Gales,Vents violents,,,,1,J,Jellyfish,Méduse,,Yes,Yes,Yes,Yes,Yes,Yes,Yes,No,No,No,No,No,No
Southern,Détroit sud de Merlthor,Sunfly,Poisson-tournesol,5 - 9,5 - 9,5 - 9,8 - 12,,,,,,,Ragworm,Teigne,10,2,3,!,Precision,Ferrage précis,Yes,Yes,Yes,Yes,Yes,Yes,Wind,Vent,Gales,Vents violents,,,,1,,,,,Yes,Yes,Yes,Yes,Yes,Yes,Yes,No,No,No,No,No,No
Southern,Détroit sud de Merlthor,Marine Bomb,Bombe marine,5 - 9,5 - 9,9 - 14,9 - 14,,,,,,,Krill,Krill,27,2,3,!,Precision,Ferrage précis,Yes,Yes,Yes,Yes,Yes,Yes,Wind,Vent,Gales,Vents violents,,,,2,,Fugu,Fugu,,No,Yes,Yes,Yes,Yes,Yes,Yes,No,No,No,No,No,No
Southern,Détroit sud de Merlthor,Shaggy Seadragon,Dragon de mer ébouriffé,9 - 16,14 - 22,14 - 22,14 - 22,,,,,,,Ragworm,Teigne,35,4,7,!,Precision,Ferrage précis,Yes,No,No,Yes,Yes,Yes,Wind,Vent,Gales,Vents violents,,,,2,,Seadragon,Dragon de mer,,No,Yes,Yes,Yes,Yes,Yes,Yes,No,No,No,No,No,No
Southern,Détroit sud de Merlthor,Momora Mora,Momora mora,13 - 21,13 - 21,8 - 17,13 - 21,,8 - 17,,,M!Ghoul Barracuda,Barracuda goule,Plump Worm,Ver charnu,22,2,3,!!!,Powerful,Ferrage puissant,Yes,Yes,Yes,Yes,Yes,Yes,Wind,Vent,Gales,Vents violents,,,,2,,,,,Yes,Yes,Yes,Yes,Yes,Yes,Yes,No,No,No,No,No,No
Southern,Détroit sud de Merlthor,Merlthor Butterfly,Poisson-papillon de Merlthor,17 - 28,17 - 28,17 - 28,18 - 28,,,,,,,Ragworm,Teigne,51,2,3,!,Precision,Ferrage précis,Yes,Yes,Yes,Yes,Yes,Yes,Wind,Vent,Gales,Vents violents,,,,3,,,,,No,Yes,Yes,Yes,Yes,Yes,Yes,No,No,No,No,No,No
Southern,Détroit sud de Merlthor,T!Gladius,Gladius,,,,,,7 - 14,,,M!Ghoul Barracuda,Barracuda goule,M!Ghoul Barracuda,Barracuda goule,49,2,3,!!,Powerful,Ferrage puissant,Yes,Yes,Yes,Yes,Yes,Yes,Wind,Vent,Gales,Vents violents,,,,3,,,,,No,Yes,Yes,Yes,Yes,Yes,Yes,No,No,No,No,No,No
Southern,Détroit sud de Merlthor,Spectral Discus,Discus spectral,19 - 34,21 - 37,21 - 37,21 - 37,,,,,,,Krill,Krill,100,1,1,!!!,Precision,Ferrage précis,Yes,Yes,Yes,Yes,Yes,No,Wind,Vent,Gales,Vents violents,,,,4,,,,,Yes,Yes,Yes,Yes,Yes,Yes,Yes,No,No,No,No,No,No
Southern,Détroit sud de Merlthor,I!Little Leviathan,Mini-Léviathan,,,16 - 28,,,,,,,,Plump Worm,Ver charnu,204,1,1,!!!,Powerful,Ferrage puissant,Yes,Yes,Yes,Yes,Yes,Yes,Wind,Vent,Gales,Vents violents,,,,4,,,,"(60s) x1 <img class=""iconMini"" src=""../img/fish/Gladius.png"" alt=""Gladius"" data-bs-toggle=""tooltip"" data-bs-trigger=""hover"" data-bs-title=""Gladius"" tabindex=""0"">",No,Yes,Yes,Yes,Yes,Yes,Yes,No,No,No,No,No,No
Southern,Détroit sud de Merlthor,Sea Nettle,Ortie des mers,6 - 8,,,7 - 9,,,Shrimp Cage Feeder,Amorçoir à crevette,,,Ragworm,Teigne,156,4,7,!,Precision,Ferrage précis,,,,,,,,,,,No,Yes,No,4,J,Jellyfish,Méduse,,No,No,No,Yes,No,Yes,No,No,No,No,No,No,No
Southern,Détroit sud de Merlthor,T!Great Grandmarlin,Grand marlin,,,,,,2 - 3,Shrimp Cage Feeder,Amorçoir à crevette,M!Hi-aetherlouse,Superpou d'éther,M!Hi-aetherlouse,Superpou d'éther,127,2,3,!!,Powerful,Ferrage puissant,,,,,,,,,,,Yes,Yes,Yes,4,,,,,Yes,Yes,Yes,Yes,Yes,Yes,Yes,No,No,No,No,No,No
Southern,Détroit sud de Merlthor,Shipwreck's Sail,Voile de l'épave,2 - 3,2 - 3,2 - 3,4 - 6,2 - 3,4 - 6,Shrimp Cage Feeder,Amorçoir à crevette,M!Hi-aetherlouse,Superpou d'éther,Plump Worm,Ver charnu,59,2,3,!!,Powerful,Ferrage puissant,,,,,,,,,,,Yes,Yes,Yes,4,,,,,No,Yes,Yes,Yes,Yes,Yes,Yes,No,No,No,No,No,No
Southern,Détroit sud de Merlthor,Charlatan Survivor,Survivant charlatan,3 - 4,3 - 4,3 - 4,5 - 8,3 - 4,,Shrimp Cage Feeder,Amorçoir à crevette,,,Krill,Krill,69,2,3,!,Precision,Ferrage précis,,,,,,,,,,,Yes,Yes,Yes,4,,,,,No,Yes,Yes,Yes,Yes,Yes,Yes,No,No,No,No,No,No
Southern,Détroit sud de Merlthor,M!Hi-aetherlouse,Superpou d'éther,3 - 4,3 - 4,3 - 4,5 - 7,3 - 4,,Shrimp Cage Feeder,Amorçoir à crevette,,,Ragworm,Teigne,65,2,3,!,Precision,Ferrage précis,,,,,,,,,,,Yes,Yes,Yes,4,,,,,Yes,Yes,Yes,Yes,Yes,Yes,Yes,No,No,No,No,No,No
Southern,Détroit sud de Merlthor,Azeyma's Sleeve,Étoffe d'Azeyma,3.5 - 6,3.5 - 6,3.5 - 6,6 - 9,3.5 - 6,,Shrimp Cage Feeder,Amorçoir à crevette,,,Krill,Krill,69,2,3,!,Precision,Ferrage précis,,,,,,,,,,,Yes,Yes,Yes,4,,,,,No,Yes,Yes,Yes,Yes,Yes,Yes,No,No,No,No,No,No
Southern,Détroit sud de Merlthor,Aetheric Seadragon,Dragon de mer éthéré,,,,,,3 - 6,Shrimp Cage Feeder,Amorçoir à crevette,M!Hi-aetherlouse,Superpou d'éther,M!Hi-aetherlouse,Superpou d'éther,245,2,3,!!,Powerful,Ferrage puissant,,,,,,,,,,,No,No,Yes,4,,Seadragon,Dragon de mer,,No,Yes,No,No,No,No,Yes,No,No,No,No,No,No
Southern,Détroit sud de Merlthor,Mythril Sovereign,Souverain de mithril,,5 - 6,,7 - 9,,,Shrimp Cage Feeder,Amorçoir à crevette,,,Krill,Krill,196,2,3,!!,Powerful,Ferrage puissant,,,,,,,,,,,Yes,No,No,4,,,,,No,No,Yes,No,Yes,No,No,No,No,No,No,No,No
Southern,Détroit sud de Merlthor,Roguesaurus,Roguesaurus,,,,,,3 - 4,Shrimp Cage Feeder,Amorçoir à crevette,M!Hi-aetherlouse,Superpou d'éther,M!Hi-aetherlouse,Superpou d'éther,345,2,3,!!!,Powerful,Ferrage puissant,,,,,,,,,,,No,Yes,No,4,,,,,No,No,No,Yes,No,Yes,No,No,No,No,No,No,No
Southern,Détroit sud de Merlthor,F!Coral Manta,Raie corallienne,,,,,9 - 12,,Shrimp Cage Feeder,Amorçoir à crevette,,,Shrimp Cage Feeder,Amorçoir à crevette,500,1,1,!!!,Powerful,Ferrage puissant,,,,,,,,,,,No,No,Yes,5,,,,"(15s) x2 <img class=""iconMini"" src=""../img/fish/Great Grandmarlin.png"" alt=""Grand marlin"" data-bs-toggle=""tooltip"" data-bs-trigger=""hover"" data-bs-title=""Grand marlin"" tabindex=""0"">",Yes,Yes,No,No,No,No,Yes,No,No,No,No,No,No
Northern,Détroit nord de Merlthor,Floefish,Poisson des banquises,4 - 8,4 - 8,4 - 8,7 - 12,,,,,,,Ragworm,Teigne,13,2,3,!,Precision,Ferrage précis,Yes,Yes,Yes,No,No,Yes,Snow,Neige,Blizzards,Blizzard,,,,1,,,,,Yes,Yes,Yes,Yes,No,No,No,Yes,Yes,Yes,No,No,No
Northern,Détroit nord de Merlthor,Megasquid,Méga calmar,6 - 10,6 - 10,6 - 10,8 - 14,,,,,,,Plump Worm,Ver charnu,11,2,3,!!,Powerful,Ferrage puissant,Yes,Yes,Yes,Yes,Yes,Yes,Snow,Neige,Blizzards,Blizzard,,,,1,,,,,Yes,Yes,Yes,Yes,No,No,No,Yes,Yes,Yes,No,No,No
Northern,Détroit nord de Merlthor,Oschon's Stone,Pierre d'Oschon,12 - 22,12 - 22,12 - 22,15 - 25,,15 - 25,,,M!Tossed Dagger,Dague de Merlthor,Plump Worm,Ver charnu,11,2,3,!!,Powerful,Ferrage puissant,Yes,Yes,Yes,Yes,Yes,Yes,Snow,Neige,Blizzards,Blizzard,,,,1,,,,,Yes,Yes,Yes,Yes,No,No,No,Yes,Yes,Yes,No,No,No
Northern,Détroit nord de Merlthor,M!Tossed Dagger,Dague de Merlthor,7 - 14,12 - 18,12 - 18,10 - 16,,,,,,,Ragworm,Teigne,27,2,3,!,Precision,Ferrage précis,Yes,Yes,Yes,Yes,No,Yes,Snow,Neige,Blizzards,Blizzard,,,,2,,,,,Yes,Yes,Yes,Yes,No,No,No,Yes,Yes,Yes,No,No,No
Northern,Détroit nord de Merlthor,Tripod Fish,Poisson-trépied,15 - 24,10 - 19,15 - 24,15 - 24,,,,,,,Krill,Krill,43,2,3,!,Precision,Ferrage précis,Yes,No,No,Yes,Yes,Yes,Snow,Neige,Blizzards,Blizzard,,,,2,,Fugu,Fugu,,No,Yes,Yes,Yes,No,No,No,Yes,Yes,Yes,No,No,No
Northern,Détroit nord de Merlthor,Net Crawler,Crabe-araignée géant,14 - 22,9 - 17,14 - 22,14 - 22,,,,,,,Krill,Krill,36,2,3,!!,Powerful,Ferrage puissant,Yes,Yes,Yes,Yes,Yes,Yes,Snow,Neige,Blizzards,Blizzard,,,,2,C,Crab,Crabe,,No,Yes,Yes,Yes,No,No,No,Yes,Yes,Yes,No,No,No
Northern,Détroit nord de Merlthor,Merlthor Lobster,Homard de Merlthor,17 - 28,17 - 28,17 - 28,17 - 28,,,,,,,Krill,Krill,45,2,3,!,Precision,Ferrage précis,Yes,Yes,Yes,Yes,Yes,Yes,Snow,Neige,Blizzards,Blizzard,,,,3,,,,,No,Yes,Yes,Yes,No,No,No,Yes,Yes,Yes,No,No,No
Northern,Détroit nord de Merlthor,T!Elder Dinichthys,Dinichthys ancien,,,,,,10 - 17,,,M!Tossed Dagger,Dague de Merlthor,M!Tossed Dagger,Dague de Merlthor,52,2,3,!!,Powerful,Ferrage puissant,Yes,Yes,Yes,Yes,Yes,Yes,Snow,Neige,Blizzards,Blizzard,,,,3,,,,,No,Yes,Yes,Yes,No,No,No,Yes,Yes,Yes,No,No,No
Northern,Détroit nord de Merlthor,Spectral Sea Bo,Hippocampe spectral,20 - 36,20 - 36,20 - 36,25 - 39,,,,,,,Ragworm,Teigne,100,1,1,!!!,Precision,Ferrage précis,Yes,Yes,Yes,Yes,Yes,No,Snow,Neige,Blizzards,Blizzard,,,,4,,,,,Yes,Yes,Yes,Yes,No,No,No,Yes,Yes,Yes,No,No,No
Northern,Détroit nord de Merlthor,I!Shooting Star,Étoile filante des mers,16 - 28,,,,,,,,,,Ragworm,Teigne,226,1,1,!!!,Precision,Ferrage précis,Yes,Yes,Yes,Yes,Yes,Yes,Snow,Neige,Blizzards,Blizzard,,,,4,,,,"(60s) x1 <img class=""iconMini"" src=""../img/fish/Elder Dinichthys.png"" alt=""Dinichthys ancien"" data-bs-toggle=""tooltip"" data-bs-trigger=""hover"" data-bs-title=""Dinichthys ancien"" tabindex=""0"">",No,Yes,Yes,Yes,No,No,No,Yes,Yes,Yes,No,No,No
Northern,Détroit nord de Merlthor,Hammerclaw,Marteaupince,2 - 3,2 - 3,2 - 3,4 - 6,4 - 6,,Heavy Steel Jig,Devon lesté,,,Krill,Krill,69,2,3,!,Precision,Ferrage précis,,,,,,,,,,,Yes,Yes,Yes,4,,,,,No,Yes,Yes,Yes,No,No,No,Yes,Yes,Yes,No,No,No
Northern,Détroit nord de Merlthor,Coccosteus,Coccosteus,2 - 3,2 - 3,2 - 3,4 - 6,2 - 3,,Heavy Steel Jig,Devon lesté,,,Plump Worm,Ver charnu,79,2,3,!!,Powerful,Ferrage puissant,,,,,,,,,,,Yes,Yes,Yes,4,,,,,No,Yes,Yes,Yes,No,No,No,Yes,Yes,Yes,No,No,No
Northern,Détroit nord de Merlthor,Bartholomew the Chopper,Bartholomew l'équarrisseur,5 - 6,,,7 - 9,,,Heavy Steel Jig,Devon lesté,,,Ragworm,Teigne,221,4,7,!,Precision,Ferrage précis,,,,,,,,,,,No,No,Yes,4,C,Crab,Crabe,,No,No,Yes,No,No,No,No,No,No,Yes,No,No,No
Northern,Détroit nord de Merlthor,Prowler,Morue tigre-chat,3 - 4,3 - 4,3 - 4,5 - 7,3 - 4,,Heavy Steel Jig,Devon lesté,,,Ragworm,Teigne,79,2,3,!,Precision,Ferrage précis,,,,,,,,,,,Yes,Yes,Yes,4,,,,,No,Yes,Yes,Yes,No,No,No,Yes,Yes,Yes,No,No,No
Northern,Détroit nord de Merlthor,Mopbeard,Barbe-trempée,,5.5 - 8,,7 - 10,,,Heavy Steel Jig,Devon lesté,,,Krill,Krill,198,4,7,!!,Powerful,Ferrage puissant,,,,,,,,,,,No,No,Yes,4,,Octopus,Pieuvre,,No,No,Yes,No,No,No,No,No,No,Yes,No,No,No
Northern,Détroit nord de Merlthor,Wild Urchin,Oursin féroce,3.5 - 6,3.5 - 6,3.5 - 6,6 - 9,6 - 9,,Heavy Steel Jig,Devon lesté,,,Ragworm,Teigne,79,2,3,!,Precision,Ferrage précis,,,,,,,,,,,Yes,Yes,Yes,4,,,,,No,Yes,Yes,Yes,No,No,No,Yes,Yes,Yes,No,No,No
Northern,Détroit nord de Merlthor,T!Gugrusaurus,Gugrusaurus,4 - 8,4 - 8,4 - 8,7 - 10,4 - 8,,Heavy Steel Jig,Devon lesté,,,Plump Worm,Ver charnu,79,3 - 4,5 - 7,!!!,Powerful,Ferrage puissant,,,,,,,,,,,Yes,Yes,Yes,4,,,,,Yes,Yes,Yes,Yes,No,No,No,Yes,Yes,Yes,No,No,No
Northern,Détroit nord de Merlthor,Coral Seadragon,Dragon de mer corallin,7 - 11,,,8 - 12,,,Heavy Steel Jig,Devon lesté,,,Ragworm,Teigne,189,4,7,!,Precision,Ferrage précis,,,,,,,,,,,No,Yes,No,4,,Seadragon,Dragon de mer,,No,Yes,No,No,No,No,No,No,Yes,No,No,No,No
Northern,Détroit nord de Merlthor,The Fallen One,Ange déchu,,7 - 10,,9 - 11,,,Heavy Steel Jig,Devon lesté,,,Krill,Krill,374,2,3,!!,Powerful,Ferrage puissant,,,,,,,,,,,No,Yes,No,4,,,,,No,Yes,No,No,No,No,No,No,Yes,No,No,No,No
Northern,Détroit nord de Merlthor,F!Elasmosaurus,F!Elasmosaurus,,,,,9 - 12,,Heavy Steel Jig,Devon lesté,,,Heavy Steel Jig,Devon lesté,500,1,1,!!!,Powerful,Ferrage puissant,,,,,,,,,,,Yes,No,No,5,,,,"(15s) x3 <img class=""iconMini"" src=""../img/fish/Gugrusaurus.png"" alt=""Gugrusaurus"" data-bs-tooltip=""popover"" data-bs-trigger=""hover"" data-bs-title=""Gugrusaurus"" tabindex=""0"">",Yes,No,No,Yes,No,No,No,Yes,No,No,No,No,No
Rhotano,Mer de Rhotano,Rhotano Wahoo,Thazard de Rhotano,6 - 11,6 - 11,6 - 11,9 - 14,,,,,,,Krill,Krill,13,2,3,!!,Powerful,Ferrage puissant,Yes,Yes,Yes,Yes,No,Yes,Dust Storms,Tempêtes de poussière,Heat Waves,Torride,,,,1,,,,,Yes,No,No,No,Yes,Yes,Yes,No,No,No,Yes,Yes,Yes
Rhotano,Mer de Rhotano,Rhotano Sardine,Sardine de Rhotano,6 - 11,6 - 11,6 - 11,9 - 14,,,,,,,Ragworm,Teigne,10,2,3,!,Precision,Ferrage précis,Yes,Yes,Yes,Yes,Yes,Yes,Dust Storms,Tempêtes de poussière,Heat Waves,Torride,,,,1,,,,,No,No,No,No,Yes,Yes,Yes,No,No,No,Yes,Yes,Yes
Rhotano,Mer de Rhotano,Deep Plaice,Plie des profondeurs,7 - 12,7 - 12,7 - 12,9 - 15,,,,,,,Krill,Krill,15,2,3,!!,Powerful,Ferrage puissant,Yes,Yes,Yes,No,No,Yes,Dust Storms,Tempêtes de poussière,Heat Waves,Torride,,,,1,,,,,Yes,No,No,No,Yes,Yes,Yes,No,No,No,Yes,Yes,Yes
Rhotano,Mer de Rhotano,T!Crimson Monkfish,Baudroie abyssale pourpre,12 - 18,12 - 18,7 - 14,12 - 19,,,,,,,Plump Worm,Ver charnu,32,3 - 4,5 - 7,!!,Powerful,Ferrage puissant,Yes,Yes,Yes,Yes,Yes,Yes,Dust Storms,Tempêtes de poussière,Heat Waves,Torride,,,,2,,,,,No,No,No,No,Yes,Yes,Yes,No,No,No,Yes,Yes,Yes
Rhotano,Mer de Rhotano,Chrome Hammerhead,Requin-marteau de chrome,20 - 33,20 - 33,15 - 28,20 - 33,,,,,,,Plump Worm,Ver charnu,32,4,7,!!!,Powerful,Ferrage puissant,Yes,Yes,Yes,Yes,Yes,Yes,Dust Storms,Tempêtes de poussière,Heat Waves,Torride,,,,2,S,Shark,Requin,,Yes,No,No,No,Yes,Yes,Yes,No,No,No,Yes,Yes,Yes
Rhotano,Mer de Rhotano,Ogre Eel,Anguille ogresse,13 - 20,13 - 20,8 - 15,13 - 20,,,,,,,Plump Worm,Ver charnu,38,2,3,!!,Powerful,Ferrage puissant,Yes,No,No,Yes,Yes,Yes,Dust Storms,Tempêtes de poussière,Heat Waves,Torride,,,,2,,,,,No,No,No,No,Yes,Yes,Yes,No,No,No,Yes,Yes,Yes
Rhotano,Mer de Rhotano,Dark Nautilus,Nautile sombre,17 - 27,17 - 26,17 - 27,17 - 27,,,,,,,Krill,Krill,46,2,3,!,Precision,Ferrage précis,Yes,Yes,Yes,Yes,Yes,Yes,Dust Storms,Tempêtes de poussière,Heat Waves,Torride,,,,3,,,,,No,No,No,No,Yes,Yes,Yes,No,No,No,Yes,Yes,Yes
Rhotano,Mer de Rhotano,Lampfish,Poisson-pierre,11 - 16,11 - 16,11 - 16,11 - 16,,,,,,,Ragworm,Teigne,47,2,3,!,Precision,Ferrage précis,Yes,Yes,Yes,Yes,Yes,Yes,Dust Storms,Tempêtes de poussière,Heat Waves,Torride,,,,3,F,Fugu,Fugu,,No,No,No,No,Yes,Yes,Yes,No,No,No,Yes,Yes,Yes
Rhotano,Mer de Rhotano,Spectral Bass,Bar spectral,21 - 36,21 - 36,21 - 36,23 - 38,,,,,,,Plump Worm,Ver charnu,100,1,1,!!!,Powerful,Ferrage puissant,Yes,Yes,Yes,Yes,Yes,No,Dust Storms,Tempêtes de poussière,Heat Waves,Torride,,,,4,,,,,Yes,No,No,No,Yes,Yes,Yes,No,No,No,Yes,Yes,Yes
Rhotano,Mer de Rhotano,I!Sabaton,Sabaton des mers,,11 - 19,,,,,,,,,Krill,Krill,204,1,1,!!!,Precision,Ferrage précis,Yes,Yes,Yes,Yes,Yes,Yes,Dust Storms,Tempêtes de poussière,Heat Waves,Torride,,,,4,,,,"(60s) x2 <img class=""iconMini"" src=""../img/fish/Crimson Monkfish.png"" alt=""Baudroie abyssale pourpre"" data-bs-toggle=""popover"" data-bs-trigger=""hover"" data-bs-content=""Baudroie abyssale pourpre"" tabindex=""0"">",No,No,No,No,Yes,Yes,Yes,No,No,No,Yes,Yes,Yes
Rhotano,Mer de Rhotano,Aronnax,Aronnax,2 - 3,2 - 3,2 - 3,4 - 6,2 - 3,,Rat Tail,Queue de rat,,,Krill,Krill,95,2,3,!,Precision,Ferrage précis,,,,,,,,,,,Yes,Yes,Yes,4,,,,,No,No,No,No,Yes,Yes,Yes,No,No,No,Yes,Yes,Yes
Rhotano,Mer de Rhotano,Sweeper,Requin-balais,5 - 7,,5 - 7,7 - 8,,,Rat Tail,Queue de rat,,,Plump Worm,Ver charnu,216,2,3,!!,Powerful,Ferrage puissant,,,,,,,,,,,Yes,No,No,4,S,Shark,Requin,,No,No,No,No,No,No,Yes,No,No,No,Yes,No,No
Rhotano,Mer de Rhotano,T!Silencer,Suppresseur,3 - 4,3 - 4,3 - 4,4 - 7,5 - 7,,Rat Tail,Queue de rat,,,Ragworm,Teigne,89,4,7,!,Precision,Ferrage précis,,,,,,,,,,,Yes,Yes,Yes,4,F,Fugu,Fugu,,Yes,No,No,No,Yes,Yes,Yes,No,No,No,Yes,Yes,Yes
Rhotano,Mer de Rhotano,T!Deep-sea Eel,Anguille des profondeurs,5 - 9,5 - 9,5 - 9,7 - 11,5 - 9,,Rat Tail,Queue de rat,,,Plump Worm,Ver charnu,81,2,3,!!,Powerful,Ferrage puissant,,,,,,,,,,,Yes,Yes,Yes,4,,,,,Yes,No,No,No,Yes,Yes,Yes,No,No,No,Yes,Yes,Yes
Rhotano,Mer de Rhotano,Executioner,Exécuteur,,,6 - 9,8 - 12,,,Rat Tail,Queue de rat,,,Plump Worm,Ver charnu,216,4,7,!!!,Powerful,Ferrage puissant,,,,,,,,,,,Yes,No,No,4,S,Shark,Requin,,No,No,No,No,No,No,Yes,No,No,No,Yes,No,No
Rhotano,Mer de Rhotano,Floating Saucer,Soucoupe flottante,,7 - 11,,9 - 13,,,Rat Tail,Queue de rat,,,Krill,Krill,222,4,7,!,Precision,Ferrage précis,,,,,,,,,,,No,No,Yes,4,,Jellyfish,Méduse,,No,No,No,No,No,Yes,No,No,No,No,No,No,Yes
Rhotano,Mer de Rhotano,True Barramundi,Barramundi,3.5 - 6,3.5 - 6,3.5 - 6,5 - 9,3.5 - 6,,Rat Tail,Queue de rat,,,Krill,Krill,95,2,3,!!,Powerful,Ferrage puissant,,,,,,,,,,,Yes,Yes,Yes,4,,,,,No,No,No,No,Yes,Yes,Yes,No,No,No,Yes,Yes,Yes
Rhotano,Mer de Rhotano,Prodigal Son,Fils prodigue,3.5 - 6,3.5 - 6,3.5 - 6,5 - 9,3.5 - 6,,Rat Tail,Queue de rat,,,Krill,Krill,95,2,3,!!,Powerful,Ferrage puissant,,,,,,,,,,,Yes,Yes,Yes,4,,,,,No,No,No,No,Yes,Yes,Yes,No,No,No,Yes,Yes,Yes
Rhotano,Mer de Rhotano,Slipsnail,Limace de mer,5 - 7,,,6 - 9,,,Rat Tail,Queue de rat,,,Ragworm,Teigne,246,2,3,!,Precision,Ferrage précis,,,,,,,,,,,No,No,Yes,4,,,,,No,No,No,No,No,Yes,No,No,No,No,No,No,Yes
Rhotano,Mer de Rhotano,F!Stonescale,Pierrécailles,,,,,9 - 13,,Rat Tail,Queue de rat,,,Rat Tail,Queue de rat,500,1,1,!!!,Powerful,Ferrage puissant,,,,,,,,,,,No,Yes,No,5,,,,"(15s) x1 <img class=""iconMini"" src=""../img/fish/Deep-sea Eel.png"" alt=""Anguille des profondeurs"" data-bs-toggle=""tooltip"" data-bs-trigger=""hover"" data-bs-title=""Anguille des profondeurs"" tabindex=""0""> + x1 <img class=""iconMini"" src=""../img/fish/Silencer.png"" alt=""Suppresseur"" data-bs-toggle=""tooltip"" data-bs-trigger=""hover"" data-bs-title=""Suppresseur"" tabindex=""0"">",Yes,No,No,No,Yes,No,No,No,No,No,No,Yes,No
Cieldalaes,Îles de Cieldalaes,Tortoiseshell Crab,Crabe-chélone,6 - 12,6 - 12,6 - 12,8 - 15,,,,,,,Krill,Krill,10,2,3,!!,Powerful,Ferrage puissant,Yes,Yes,Yes,Yes,Yes,Yes,Thunder,Orages,Thunderstorms,Orages violents,,,,1,C,Crab,Crabe,,No,No,No,No,No,No,No,Yes,Yes,Yes,Yes,Yes,Yes
Cieldalaes,Îles de Cieldalaes,Lady's Cameo,Bijou-princier,12 - 22,12 - 22,12 - 22,14 - 26,,,,,,,Ragworm,Teigne,15,2,3,!,Precision,Ferrage précis,Yes,Yes,Yes,No,No,Yes,Thunder,Orages,Thunderstorms,Orages violents,,,,1,,,,,Yes,No,No,No,No,No,No,Yes,Yes,Yes,Yes,Yes,Yes
Cieldalaes,Îles de Cieldalaes,T!Metallic Boxfish,Poisson-boîte,5 - 11,5 - 11,5 - 11,9 - 14,,,,,,,Ragworm,Teigne,9,2,3,!,Precision,Ferrage précis,Yes,Yes,Yes,Yes,Yes,Yes,Thunder,Orages,Thunderstorms,Orages violents,,,,1,F,Fugu,Fugu,,Yes,No,No,No,No,No,No,Yes,Yes,Yes,Yes,Yes,Yes
Cieldalaes,Îles de Cieldalaes,Goobbue Ray,Raie-goobbue,17 - 27,17 - 27,12 - 22,18 - 27,,,,,,,Plump Worm,Ver charnu,33,2,3,!!,Powerful,Ferrage puissant,Yes,Yes,Yes,Yes,Yes,Yes,Thunder,Orages,Thunderstorms,Orages violents,,,,2,,Manta,Raie,,No,No,No,No,No,No,No,Yes,Yes,Yes,Yes,Yes,Yes
Cieldalaes,Îles de Cieldalaes,Watermoura,Wamoura de mer,14 - 22,9 - 17,14 - 22,14 - 22,,,,,,,Krill,Krill,41,2,3,!,Precision,Ferrage précis,Yes,Yes,Yes,Yes,No,Yes,Thunder,Orages,Thunderstorms,Orages violents,,,,2,,,,,No,No,No,No,No,No,No,Yes,Yes,Yes,Yes,Yes,Yes
Cieldalaes,Îles de Cieldalaes,King Cobrafish,Poisson-cobra royal,9 - 12,9 - 12,5 - 8,9 - 12,,,,,,,Plump Worm,Ver charnu,39,2,3,!!!,Powerful,Ferrage puissant,Yes,No,No,Yes,Yes,Yes,Thunder,Orages,Thunderstorms,Orages violents,,,,2,,,,,Yes,No,No,No,No,No,No,Yes,Yes,Yes,Yes,Yes,Yes
Cieldalaes,Îles de Cieldalaes,Mamahi-mahi,Mamahi-mahi,18 - 30,18 - 30,18 - 30,18 - 30,,,,,,,Plump Worm,Ver charnu,58,2,3,!!!,Powerful,Ferrage puissant,Yes,Yes,Yes,Yes,Yes,Yes,Thunder,Orages,Thunderstorms,Orages violents,,,,3,,,,,Yes,No,No,No,No,No,No,Yes,Yes,Yes,Yes,Yes,Yes
Cieldalaes,Îles de Cieldalaes,Lavandin Remora,Rémora lavandin,16 - 26,16 - 26,16 - 26,16 - 25,,,,,,,Krill,Krill,52,2,3,!,Precision,Ferrage précis,Yes,Yes,Yes,Yes,Yes,Yes,Thunder,Orages,Thunderstorms,Orages violents,,,,3,,,,,No,No,No,No,No,No,No,Yes,Yes,Yes,Yes,Yes,Yes
Cieldalaes,Îles de Cieldalaes,Spectral Butterfly,Papillon spectral,12 - 18,12 - 18,12 - 18,13 - 20,,,,,,,Ragworm,Teigne,100,1,1,!!!,Precision,Ferrage précis,Yes,Yes,Yes,Yes,Yes,No,Thunder,Orages,Thunderstorms,Orages violents,,,,4,,,,,Yes,No,No,No,No,No,No,Yes,Yes,Yes,Yes,Yes,Yes
Cieldalaes,Îles de Cieldalaes,I!Cieldalaes Geode,Géode-de-Cieldalaes,,13 - 26,,,,,,,,,Krill,Krill,246,1,1,!!!,Powerful,Ferrage puissant,Yes,Yes,Yes,Yes,Yes,Yes,Thunder,Orages,Thunderstorms,Orages violents,,,,4,,,,"(60s) x3 <img class=""iconMini"" src=""../img/fish/Metallic Boxfish.png"" alt=""Poisson-boîte"" data-bs-toggle=""tooltip"" data-bs-trigger=""hover"" data-bs-title=""Poisson-boîte"" tabindex=""0"">",No,No,No,No,No,No,No,Yes,Yes,Yes,Yes,Yes,Yes
Cieldalaes,Îles de Cieldalaes,Titanshell Crab,Crabe cuirassé,2 - 3,2 - 3,2 - 3,4 - 6,4 - 6,,Squid Strip,Chair de calmar,,,Krill,Krill,84,4,7,!!,Powerful,Ferrage puissant,,,,,,,,,,,Yes,Yes,Yes,4,C,Crab,Crabe,,No,No,No,No,No,No,No,Yes,Yes,Yes,Yes,Yes,Yes
Cieldalaes,Îles de Cieldalaes,Mythril Boxfish,Coffret-de-mithril,2 - 3,2 - 3,2 - 3,4 - 6,4 - 6,,Squid Strip,Chair de calmar,,,Ragworm,Teigne,64,4,7,!,Precision,Ferrage précis,,,,,,,,,,,Yes,Yes,Yes,4,F,Fugu,Fugu,,No,No,No,No,No,No,No,Yes,Yes,Yes,Yes,Yes,Yes
Cieldalaes,Îles de Cieldalaes,T!Mistbeard's Cup,Nautile de Barbe-Brume,3 - 4,3 - 4,3 - 4,5 - 8,3 - 4,,Squid Strip,Chair de calmar,,,Squid Strip,Chair de calmar,84,2,3,!!,Powerful,Ferrage puissant,,,,,,,,,,,Yes,Yes,Yes,4,,,,,Yes,No,No,No,No,No,No,Yes,Yes,Yes,Yes,Yes,Yes
Cieldalaes,Îles de Cieldalaes,Anomalocaris Saron,Anomalocaris Saron,3.5 - 6,3.5 - 6,3.5 - 6,6 - 9,3.5 - 6,,Squid Strip,Chair de calmar,,,Squid Strip,Chair de calmar,84,2,3,!,Precision,Ferrage précis,,,,,,,,,,,Yes,Yes,Yes,4,,,,,No,No,No,No,No,No,No,Yes,Yes,Yes,Yes,Yes,Yes
Cieldalaes,Îles de Cieldalaes,Flaming Eel,Murène flamboyante,,6 - 9,,9 - 11,6 - 9,,Squid Strip,Chair de calmar,,,Krill,Krill,198,2,3,!!,Powerful,Ferrage puissant,,,,,,,,,,,No,Yes,No,4,,,,,No,No,No,No,No,No,No,No,No,Yes,No,No,Yes
Cieldalaes,Îles de Cieldalaes,T!Jetborne Manta,Manta à réaction,2 - 3,2 - 3,2 - 3,4 - 6,4 - 6,,Squid Strip,Chair de calmar,,,Plump Worm,Ver charnu,75,4,7,!!!,Powerful,Ferrage puissant,,,,,,,,,,,Yes,Yes,Yes,4,,Manta,Raie,,Yes,No,No,No,No,No,No,Yes,Yes,Yes,Yes,Yes,Yes
Cieldalaes,Îles de Cieldalaes,Devil's Sting,Dard-du-démon,,7 - 11,,9 - 12,7 - 11,,Squid Strip,Chair de calmar,,,Krill,Krill,201,2,3,!!,Powerful,Ferrage puissant,,,,,,,,,,,Yes,No,No,4,,,,,No,No,No,No,No,No,No,No,Yes,No,No,Yes,No
Cieldalaes,Îles de Cieldalaes,Callichthyid,Callichthyidé,,,6 - 8,10 - 12,,,Squid Strip,Chair de calmar,,,Plump Worm,Ver charnu,178,2,3,!!!,Powerful,Ferrage puissant,,,,,,,,,,,Yes,No,No,4,,,,,No,No,No,No,No,No,No,No,Yes,No,No,Yes,No
Cieldalaes,Îles de Cieldalaes,Meandering Mora,Lune-flottante,,,7 - 9,9 - 11,,,Squid Strip,Chair de calmar,,,Plump Worm,Ver charnu,283,2,3,!!,Powerful,Ferrage puissant,,,,,,,,,,,No,Yes,No,4,,,,,No,No,No,No,No,No,No,No,No,Yes,No,No,Yes
Cieldalaes,Îles de Cieldalaes,F!Hafgufa,Hafgufa,,,,,9 - 12,,Squid Strip,Chair de calmar,,,Squid Strip,Chair de calmar,500,1,1,!!!,Powerful,Ferrage puissant,,,,,,,,,,,No,No,Yes,5,,,,"(15s) x2 <img class=""iconMini"" src=""../img/fish/Jetborne Manta.png"" alt=""Manta à réaction"" data-bs-toggle=""tooltip"" data-bs-trigger=""hover"" data-bs-title=""Manta à réaction"" tabindex=""0""> + x1 <img class=""iconMini"" src=""../img/fish/Mistbeard_s Cup.png"" alt=""Nautile de Barbe-Brume"" data-bs-toggle=""tooltip"" data-bs-trigger=""hover"" data-bs-title=""Nautile de Barbe-Brume"" tabindex=""0"">",Yes,No,No,No,No,No,No,Yes,No,No,Yes,No,No
Bloodbrine,Mer Pourpre,Thaliak Crab,Crabe de la Thaliak,4 - 7,4 - 7,4 - 7,7 - 11,,,,,,,Ragworm,Teigne,9,2,3,!,Precision,Ferrage précis,Yes,Yes,Yes,Yes,Yes,Yes,Rain,Pluie,Showers,Pluie torrentielle,,,,1,C,Crab,Crabe,,No,No,No,No,No,No,No,Yes,Yes,Yes,No,No,No
Bloodbrine,Mer Pourpre,Star of the Destroyer,Étoile-du-Destructeur,7 - 13,7 - 13,7 - 13,10 - 17,,,,,,,Ragworm,Teigne,14,2,3,!,Precision,Ferrage précis,Yes,Yes,Yes,No,No,Yes,Rain,Pluie,Showers,Pluie torrentielle,,,,1,,,,,No,No,No,No,No,No,No,Yes,Yes,Yes,No,No,No
Bloodbrine,Mer Pourpre,True Scad,Vrai chinchard,6 -10,6 - 10,6 - 10,9 - 14,,,,,,,Krill,Krill,8,2,3,!!,Powerful,Ferrage puissant,Yes,Yes,Yes,Yes,Yes,Yes,Rain,Pluie,Showers,Pluie torrentielle,,,,1,,,,,Yes,No,No,No,No,No,No,Yes,Yes,Yes,No,No,No
Bloodbrine,Mer Pourpre,Blooded Wrasse,Labre à bosse ensanglantée,12 - 17,12 - 17,7 - 12,12 - 17,,,,,,,Plump Worm,Ver charnu,35,2,3,!!,Powerful,Ferrage puissant,Yes,Yes,Yes,Yes,No,Yes,Rain,Pluie,Showers,Pluie torrentielle,,,,2,,,,,No,No,No,No,No,No,No,Yes,Yes,Yes,No,No,No
Bloodbrine,Mer Pourpre,Bloodpolish Crab,Crabe verni,14 - 27,19 - 32,19 - 32,19 - 32,,,,,,,Ragworm,Teigne,28,4,7,!,Precision,Ferrage précis,Yes,Yes,Yes,Yes,Yes,Yes,Rain,Pluie,Showers,Pluie torrentielle,,,,2,C,Crab,Crabe,,No,No,No,No,No,No,No,Yes,Yes,Yes,No,No,No
Bloodbrine,Mer Pourpre,Blue Stitcher,Tisse-filet,8 - 11,3 - 6,8 - 11,8 - 11,,,,,,,Krill,Krill,30,2,3,!,Precision,Ferrage précis,Yes,No,No,Yes,Yes,Yes,Rain,Pluie,Showers,Pluie torrentielle,,,,2,,,,,No,No,No,No,No,No,No,Yes,Yes,Yes,No,No,No
Bloodbrine,Mer Pourpre,Bloodfresh Tuna,Thon sanguin,14 - 21,14 - 21,14 - 21,14 - 21,,,,,,,Plump Worm,Ver charnu,43,2,3,!!,Powerful,Ferrage puissant,Yes,Yes,Yes,Yes,Yes,Yes,Rain,Pluie,Showers,Pluie torrentielle,,,,3,,,,,No,No,No,No,No,No,No,Yes,Yes,Yes,No,No,No
Bloodbrine,Mer Pourpre,T!Sunken Mask,Masque trempé,14 - 22,14 - 22,14 - 22,14 - 22,,,,,,,Ragworm,Teigne,49,2,3,!!!,Powerful,Ferrage puissant,Yes,Yes,Yes,Yes,Yes,Yes,Rain,Pluie,Showers,Pluie torrentielle,,,,3,,,,,Yes,No,No,No,No,No,No,Yes,Yes,No,No,No,No
Bloodbrine,Mer Pourpre,Spectral Eel,Anguille spectrale,14 - 22,14 - 22,14 - 22,14 - 22,,,,,,,Krill,Krill,100,1,1,!!!,Powerful,Ferrage puissant,Yes,Yes,Yes,Yes,Yes,No,Rain,Pluie,Showers,Pluie torrentielle,,,,4,,,,,Yes,No,No,No,No,No,No,Yes,Yes,No,No,No,No
Bloodbrine,Mer Pourpre,I!Bareface,Face-d'ours,,8 - 15,,,,,,,,,Krill,Krill,326,1,1,!!!,Powerful,Ferrage puissant,Yes,Yes,Yes,Yes,Yes,Yes,Rain,Pluie,Showers,Pluie torrentielle,,,,4,,,,"(60s) x1 <img class=""iconMini"" src=""../img/fish/Sunken Mask.png"" alt=""Masque trempé"" data-bs-toggle=""tooltip"" data-bs-trigger=""hover"" data-bs-title=""Masque trempé"" tabindex=""0"">",No,No,No,No,No,No,No,Yes,Yes,No,No,No,No
Bloodbrine,Mer Pourpre,Oracular Crab,Crabe oraculaire,2 - 3,2 - 3,2 - 3,4 - 6,,,Pill Bug,Cloporte,,,Ragworm,Teigne,102,4,7,!,Precision,Ferrage précis,,,,,,,,,,,Yes,No,No,4,C,Crab,Crabe,,No,No,No,No,No,No,No,No,No,Yes,No,No,No
Bloodbrine,Mer Pourpre,Dravanian Bream,Brème de Dravania,3 - 4,3 - 4,3 - 4,5 - 7,,,Pill Bug,Cloporte,,,Krill,Krill,77,2,3,!,Precision,Ferrage précis,,,,,,,,,,,Yes,Yes,Yes,4,,,,,No,No,No,No,No,No,No,Yes,Yes,Yes,No,No,No
Bloodbrine,Mer Pourpre,Skaldminni,Skaldminni,,4.5 - 8,,7 - 10,,,Pill Bug,Cloporte,,,Krill,Krill,102,4,7,!!,Powerful,Ferrage puissant,,,,,,,,,,,No,No,Yes,4,,Manta,Raie,,No,No,No,No,No,No,No,No,Yes,No,No,No,No
Bloodbrine,Mer Pourpre,Serrated Clam,Palourde crantée,3 - 4,3 - 4,3 - 4,5 - 7,3 - 4,,Pill Bug,Cloporte,,,Ragworm,Teigne,74,2,3,!,Precision,Ferrage précis,,,,,,,,,,,Yes,Yes,Yes,4,,,,,No,No,No,No,No,No,No,Yes,Yes,Yes,No,No,No
Bloodbrine,Mer Pourpre,T!Beatific Vision,Vision-béatifique,2 - 3,2 - 3,2 - 3,5 - 7,2 - 3,,Pill Bug,Cloporte,,,Pill Bug,Cloporte,77,4,7,!!,Powerful,Ferrage puissant,,,,,,,,,,,Yes,Yes,Yes,4,,,,,Yes,No,No,No,No,No,No,Yes,Yes,Yes,No,No,No
Bloodbrine,Mer Pourpre,Exterminator,Ravageur,5.5 - 8,,,8 - 10,,,Pill Bug,Cloporte,,,Ragworm,Teigne,255,4,7,!,Precision,Ferrage précis,,,,,,,,,,,Yes,No,No,4,C,Crab,Crabe,,No,No,No,No,No,No,No,No,No,Yes,No,No,No
Bloodbrine,Mer Pourpre,Gory Tuna,Thon rubis,3 - 4,3 - 4,3 - 4,6 - 8,3 - 4,,Pill Bug,Cloporte,,,Plump Worm,Ver charnu,92,2,3,!!,Powerful,Ferrage puissant,,,,,,,,,,,Yes,Yes,Yes,4,,,,,No,No,No,No,No,No,No,Yes,Yes,Yes,No,No,No
Bloodbrine,Mer Pourpre,Ticinepomis,Ticinepomis,3 - 4,3 - 4,3 - 4,5 - 7,3 - 4,,Pill Bug,Cloporte,,,Plump Worm,Ver charnu,92,2,3,!!!,Powerful,Ferrage puissant,,,,,,,,,,,Yes,Yes,Yes,4,,,,,Yes,No,No,No,No,No,No,Yes,Yes,Yes,No,No,No
Bloodbrine,Mer Pourpre,Quartz Hammerhead,Requin-marteau de quartz,,,7 - 9,9 - 11,,,Pill Bug,Cloporte,,,Plump Worm,Ver charnu,460,2,3,!!!,Powerful,Ferrage puissant,,,,,,,,,,,Yes,Yes,Yes,4,,Shark,Requin,,No,No,No,No,No,No,No,Yes,Yes,Yes,No,No,No
Bloodbrine,Mer Pourpre,F!Seafaring Toad,Crapaud de mer,,,,,9 - 12,,Pill Bug,Cloporte,,,Pill Bug,Cloporte,500,1,1,!!!,Precision,Ferrage précis,,,,,,,,,,,Yes,No,No,5,,,,"(15s) x3 <img class=""iconMini"" src=""../img/fish/Beatific Vision.png"" alt=""Vision-béatifique"" data-bs-toggle=""tooltip"" data-bs-trigger=""hover"" data-bs-title=""Vision-béatifique"" tabindex=""0"">",Yes,No,No,No,No,No,No,No,No,Yes,No,No,No
Rothlyt,Golfe de Rothlyt,Crow Puffer,Tétrodon corvidé,3 - 6,3 - 6,3 - 6,5 - 9,,,,,,,Ragworm,Teigne,10,2,3,!,Precision,Ferrage précis,Yes,Yes,Yes,Yes,Yes,Yes,Thunder,Orages,Thunderstorms,Orages violents,,,,1,F,Fugu,Fugu,,Yes,No,No,No,No,No,No,No,No,No,Yes,Yes,Yes
Rothlyt,Golfe de Rothlyt,T!Rothlyt Kelp,Varech de Rothlyt,6 - 11,6 - 11,6 - 11,8 - 14,,,,,,,Ragworm,Teigne,10,3 - 4,5 - 7,!,Precision,Ferrage précis,Yes,Yes,Yes,Yes,Yes,Yes,Thunder,Orages,Thunderstorms,Orages violents,,,,1,,,,,Yes,No,No,No,No,No,No,No,No,No,Yes,Yes,Yes
Rothlyt,Golfe de Rothlyt,Living Lantern,Lanterne-de-mer,6 - 11,6 - 11,6 - 11,9 - 13,,,,,,,Krill,Krill,13,2,3,!!,Powerful,Ferrage puissant,Yes,Yes,Yes,No,No,Yes,Thunder,Orages,Thunderstorms,Orages violents,,,,1,,Jellyfish,Méduse,,Yes,No,No,No,No,No,No,No,No,No,Yes,Yes,Yes
Rothlyt,Golfe de Rothlyt,Honeycomb Fish,Mille-sourires,12 - 23,17 - 28,17 - 28,17 - 27,,,,,,,Ragworm,Teigne,29,4,7,!,Precision,Ferrage précis,Yes,Yes,Yes,Yes,Yes,Yes,Thunder,Orages,Thunderstorms,Orages violents,,,,2,F,Fugu,Fugu,,No,No,No,No,No,No,No,No,No,No,Yes,Yes,Yes
Rothlyt,Golfe de Rothlyt,Godsbed,Lit-divin,17 - 28,17 - 28,12 - 23,17 - 28,,,,,,,Plump Worm,Ver charnu,29,2,3,!!,Powerful,Ferrage puissant,Yes,No,No,Yes,Yes,Yes,Thunder,Orages,Thunderstorms,Orages violents,,,,2,,,,,No,No,No,No,No,No,No,No,No,No,Yes,Yes,Yes
Rothlyt,Golfe de Rothlyt,Lansquenet,Lansquenet,15 - 25,15 - 25,11 - 20,15 - 25,,,,,,,Plump Worm,Ver charnu,36,2,3,!!,Powerful,Ferrage puissant,Yes,Yes,Yes,Yes,No,Yes,Thunder,Orages,Thunderstorms,Orages violents,,,,2,,,,,No,No,No,No,No,No,No,No,No,No,Yes,Yes,Yes
Rothlyt,Golfe de Rothlyt,Thavnairian Shark,Requin de Thavnair,12 - 17,12 - 17,12 - 17,12 - 17,,,,,,,Krill,Krill,44,2,3,!!!,Powerful,Ferrage puissant,Yes,Yes,Yes,Yes,Yes,Yes,Thunder,Orages,Thunderstorms,Orages violents,,,,3,,Shark,Requin,,No,No,No,No,No,No,No,No,No,No,Yes,Yes,Yes
Rothlyt,Golfe de Rothlyt,Nephrite Eel,Anguille de néphrite,15 - 24,15 - 24,15 - 24,15 - 24,,,,,,,Krill,Krill,44,2,3,!!,Powerful,Ferrage puissant,Yes,Yes,Yes,Yes,Yes,Yes,Thunder,Orages,Thunderstorms,Orages violents,,,,3,,,,,No,No,No,No,No,No,No,No,No,No,Yes,Yes,Yes
Rothlyt,Golfe de Rothlyt,Spectresaur,Spectrosaure,15 - 24,15 - 24,15 - 24,16 - 24,,,,,,,Plump Worm,Ver charnu,100,1,1,!!!,Powerful,Ferrage puissant,Yes,Yes,Yes,Yes,Yes,No,Thunder,Orages,Thunderstorms,Orages violents,,,,4,,,,,Yes,No,No,No,No,No,No,No,No,No,Yes,Yes,Yes
Rothlyt,Golfe de Rothlyt,I!Ginkgo Fin,Gingko marin,11 - 18,,,,,,,,,,Ragworm,Teigne,238,1,1,!!!,Precision,Ferrage précis,Yes,Yes,Yes,Yes,Yes,Yes,Thunder,Orages,Thunderstorms,Orages violents,,,,4,,,,"(60s) x3 <img class=""iconMini"" src=""../img/fish/Rothlyt Kelp.png"" alt=""Varech de Rothlyt"" data-bs-toggle=""tooltip"" data-bs-trigger=""hover"" data-bs-title=""Varech de Rothlyt"" tabindex=""0"">",No,No,No,No,No,No,No,No,No,No,Yes,Yes,Yes
Rothlyt,Golfe de Rothlyt,Garum Jug,Outre-de-garum,2 - 3,2 - 3,2 - 3,4 - 6,,,,,,,Ragworm,Teigne,107,4,7,!,Precision,Ferrage précis,,,,,,,,,,,Yes,No,Yes,4,F,Fugu,Fugu,,No,No,No,No,No,No,No,No,No,No,No,Yes,Yes
Rothlyt,Golfe de Rothlyt,Smooth Jaguar,Panthère de mer,3 - 4,3 - 4,3 - 4,5 - 7,,3 - 4,,,M!Rothlyt Mussel,Moule de Rothlyt,Plump Worm,Ver charnu,70,2,3,!!,Powerful,Ferrage puissant,,,,,,,,,,,Yes,Yes,Yes,4,,,,,No,No,No,No,No,No,No,No,No,No,Yes,Yes,Yes
Rothlyt,Golfe de Rothlyt,M!Rothlyt Mussel,Moule de Rothlyt,3 - 4,3 - 4,3 - 4,5 - 7,,,,,,,Ragworm,Teigne,72,2,3,!,Precision,Ferrage précis,,,,,,,,,,,Yes,Yes,Yes,4,,,,,Yes,No,No,No,No,No,No,No,No,No,Yes,Yes,Yes
Rothlyt,Golfe de Rothlyt,Levi Elver,Lévicivelle,2 - 3,2 - 3,2 - 3,4 - 6,,2 - 3,,,M!Rothlyt Mussel,Moule de Rothlyt,Krill,Krill,75,2,3,!!,Powerful,Ferrage puissant,,,,,,,,,,,Yes,Yes,Yes,4,,,,,No,No,No,No,No,No,No,No,No,No,Yes,Yes,Yes
Rothlyt,Golfe de Rothlyt,Pearl Bombfish,Châtaigne-perlière,,5 - 6,,7 - 9,,,,,,,Krill,Krill,237,4,7,!!,Powerful,Ferrage puissant,,,,,,,,,,,Yes,No,Yes,4,F,Fugu,Fugu,,No,No,No,No,No,No,No,No,No,No,No,Yes,Yes
Rothlyt,Golfe de Rothlyt,T!Trollfish,Poisson-troll,,,,,,3.5 - 6,,,M!Rothlyt Mussel,Moule de Rothlyt,M!Rothlyt Mussel,Moule de Rothlyt,202,2,3,!,Precision,Ferrage précis,,,,,,,,,,,Yes,Yes,Yes,4,,,,,Yes,No,No,No,No,No,No,No,No,No,Yes,Yes,Yes
Rothlyt,Golfe de Rothlyt,Panoptes,Panoptes,,,4.5 - 8,7 - 11,,7 - 11,,,M!Rothlyt Mussel,Moule de Rothlyt,Plump Worm,Ver charnu,125,4,7,!!,Powerful,Ferrage puissant,,,,,,,,,,,Yes,No,No,4,,Manta,Raie,,No,No,No,No,No,No,No,No,No,No,No,No,Yes
Rothlyt,Golfe de Rothlyt,Crepe Sole,Sandale-du-sultan,4.5 - 8,4.5 - 8,4.5 - 8,7 - 11,,,,,,,Ragworm,Teigne,72,2,3,!,Precision,Ferrage précis,,,,,,,,,,,Yes,Yes,Yes,4,,,,,Yes,No,No,No,No,No,No,No,No,No,Yes,Yes,Yes
Rothlyt,Golfe de Rothlyt,Knifejaw,Lardegueule,,7 - 9,,9 - 11,,,,,,,Krill,Krill,465,2,3,!!,Powerful,Ferrage puissant,,,,,,,,,,,Yes,Yes,Yes,4,,,,,No,No,No,No,No,No,No,No,No,No,Yes,Yes,Yes
Rothlyt,Golfe de Rothlyt,I!Placodus,Placodus,,,,,,9 - 12,,,M!Rothlyt Mussel,Moule de Rothlyt,M!Rothlyt Mussel,Moule de Rothlyt,500,1,1,!!!,Powerful,Ferrage puissant,,,,,,,,,,,No,Yes,No,5,,,,"(45s) x1 <img class=""iconMini"" src=""../img/fish/Trollfish.png"" alt=""Poisson-troll"" data-bs-toggle=""tooltip"" data-bs-trigger=""hover"" data-bs-title=""Poisson-troll"" tabindex=""0"">",Yes,No,No,No,No,No,No,No,No,No,Yes,No,No