Stop,StopTranslated,Fish,FishTranslated,Fish-CN,Fish-KR,BaitRagworm,BaitKrill,BaitPlumpWorm,BaitVersatileLure,BaitSpecial,BaitMooch,BaitSpecialType,BaitSpecialType,BaitMoochType,BaitMoochType,BestBait,BestBaitTranslated,Points,DH,TH,Bite,Hookset,hooksetName,WeatherFairSkies,WeatherClouds,WeatherFog,WeatherSpecial1,WeatherSpecial2,WeatherClearSkies,WeatherSpecial1Type,WeatherSpecial1TypeTranslated,WeatherSpecial2Type,WeatherSpecial2TypeTranslated,TimeFrameDay,TimeFrameSunset,TimeFrameNight,Stars,Mission,Species,SpeciesTranslated,Intuition,FabledTable,Route1,Route2,Route3,Route4,Route5,Route6,Route7,Route8,Route9,Route10,Route11,Route12
Galadion,Galadion Bay,Galadion Goby,Galadion Goby,加拉迪翁虾虎,갈라디온 망둥이,4 - 8,4 - 8,4 - 8,6 - 12,,,,,,,Ragworm,Ragworm,10,2,3,!,Precision,Precision Hookset,Yes,Yes,Yes,Yes,Yes,Yes,Rain,Rain,Showers,Showers,,,,1,,,,,Yes,Yes,Yes,Yes,Yes,Yes,Yes,No,No,No,No,No,No
Galadion,Galadion Bay,T!Galadion Chovy,Galadion Chovy,T!加拉迪翁鳀鱼,T!갈라디온 멸치,6 - 11,6 - 11,6 - 11,8 - 14,,,,,,,Krill,Krill,11,2,3,!,Precision,Precision Hookset,Yes,Yes,Yes,Yes,Yes,Yes,Rain,Rain,Showers,Showers,,,,1,,,,,Yes,Yes,Yes,Yes,Yes,Yes,Yes,No,No,No,No,No,No
Galadion,Galadion Bay,Leopard Eel,Leopard Eel,猎豹鳗,범무늬장어,9 - 17,9 - 17,9 - 17,12 - 19,,,,,,,Plump Worm,Plump Worm,14,2,3,!!,Powerful,Powerful Hookset,Yes,Yes,Yes,No,No,Yes,Rain,Rain,Showers,Showers,,,,1,,,,,No,Yes,Yes,Yes,Yes,Yes,Yes,No,No,No,No,No,No
Galadion,Galadion Bay,Jasperhead,Jasperhead,碧玉头,벽옥머리,15 - 24,10 - 19,15 - 24,15 - 25,,,,,,,Krill,Krill,40,2,3,!!,Powerful,Powerful Hookset,Yes,No,No,Yes,Yes,Yes,Rain,Rain,Showers,Showers,,,,2,,,,,No,Yes,Yes,Yes,Yes,Yes,Yes,No,No,No,No,No,No
Galadion,Galadion Bay,Tarnished Shark,Tarnished Shark,暗淡鲨,변색상어,20 - 37,20 - 37,15 - 32,20 - 37,,,,,,,Plump Worm,Plump Worm,34,2,3,!!!,Powerful,Powerful Hookset,Yes,Yes,Yes,Yes,No,Yes,Rain,Rain,Showers,Showers,,,,2,S,Shark,Shark,,Yes,Yes,Yes,Yes,Yes,Yes,Yes,No,No,No,No,No,No
Galadion,Galadion Bay,Rosy Bream,Rosy Bream,玫瑰鲷鱼,장미도미,12 - 18 ,7 - 13,12 - 18,12 - 18,,,,,,,Krill,Krill,34,3 - 4,5 - 7,!,Precision,Precision Hookset,Yes,Yes,Yes,Yes,Yes,Yes,Rain,Rain,Showers,Showers,,,,2,,,,,No,Yes,Yes,Yes,Yes,Yes,Yes,No,No,No,No,No,No
Galadion,Galadion Bay,Cyan Octopus,Cyan Octopus,青色章鱼,푸른문어,17 - 28,17 - 28,17 - 28,17 - 28,,,,,,,Krill,Krill,59,4,7,!!,Powerful,Powerful Hookset,Yes,Yes,Yes,Yes,Yes,Yes,Rain,Rain,Showers,Showers,,,,3,,Octopus,Octopus,,No,Yes,Yes,Yes,Yes,Yes,Yes,No,No,No,No,No,No
Galadion,Galadion Bay,Heavenswimmer,Heavenswimmer,天堂鱼,천상어,15 - 25,15 - 25,15 - 25,16 - 25,,,,,,,Ragworm,Ragworm,50,2,3,!,Precision,Precision Hookset,Yes,Yes,Yes,Yes,Yes,Yes,Rain,Rain,Showers,Showers,,,,3,,,,,No,Yes,Yes,Yes,Yes,Yes,Yes,No,No,No,No,No,No
Galadion,Galadion Bay,Spectral Megalodon,Spectral Megalodon,幻光巨齿鲨,유령 메갈로돈,20 - 37,20 - 37,20 - 37,21 - 37,,,,,,,Krill,Krill,100,1,1,!!!,Powerful,Powerful Hookset,Yes,Yes,Yes,Yes,Yes,No,Rain,Rain,Showers,Showers,,,,4,,,,,Yes,Yes,Yes,Yes,Yes,Yes,Yes,No,No,No,No,No,No
Galadion,Galadion Bay,I!Drunkfish,Drunkfish,I!醉鱼,I!만취어,,15 - 28,,,,,,,,,Krill,Krill,253,1,1,!!!,Powerful,Powerful Hookset,Yes,Yes,Yes,Yes,Yes,Yes,Rain,Rain,Showers,Showers,,,,4,,,,"(60s) x3 <img class=""iconMini"" src=""../img/fish/Galadion Chovy.png"" alt=""Galadion Chovy"" data-bs-toggle=""tooltip"" data-bs-trigger=""hover"" data-bs-title=""Galadion Chovy"" tabindex=""0"">",No,Yes,Yes,Yes,Yes,Yes,Yes,No,No,No,No,No,No
Galadion,Galadion Bay,Merman's Mane,Merman's Mane,人鱼发,인어터럭,2 - 3,2 - 3,2 - 3,4 - 6,4 - 6,,Glowworm,Glowworm,,,Krill,Krill,94,4,7,!!,Powerful,Powerful Hookset,,,,,,,,,,,Yes,Yes,Yes,4,,Octopus,Octopus,,No,Yes,Yes,Yes,Yes,Yes,Yes,No,No,No,No,No,No
Galadion,Galadion Bay,T!Heavenskey,Heavenskey,T!天堂之钥,T!천국의 열쇠,2 - 3,2 -3 ,2 - 3,4 - 6,2 - 3,,Glowworm,Glowworm,,,Ragworm,Ragworm,67,2,3,!,Precision,Precision Hookset,,,,,,,,,,,Yes,Yes,Yes,4,,,,,Yes,Yes,Yes,Yes,Yes,Yes,Yes,No,No,No,No,No,No
Galadion,Galadion Bay,Ghost Shark,Ghost Shark,幽灵鲨,망령상어,3 - 4,3 - 4,3 - 4,5 - 7,5 - 7,,Glowworm,Glowworm,,,Plump Worm,Plump Worm,78,4,7,!!,Powerful,Powerful Hookset,,,,,,,,,,,Yes,Yes,Yes,4,S,Shark,Shark,,No,Yes,Yes,Yes,Yes,Yes,Yes,No,No,No,No,No,No
Galadion,Galadion Bay,Fishmonger,Fishmonger,巨食鮟鱇,어물전어,4.5 - 8,4.5 - 8,4.5 - 8,5 - 10,4.5 - 8,,Glowworm,Glowworm,,,Plump Worm,Plump Worm,78,2,3,!!,Powerful,Powerful Hookset,,,,,,,,,,,Yes,Yes,Yes,4,,,,,No,Yes,Yes,Yes,Yes,Yes,Yes,No,No,No,No,No,No
Galadion,Galadion Bay,T!Navigator's Print,Navigator's Print,T!海神印,T!리믈렌의 발도장,3 - 4,3 - 4,3 - 4,5 - 7,3 - 4,,Glowworm,Glowworm,,,Krill,Krill,71,2,3,!,Precision,Precision Hookset,,,,,,,,,,,Yes,Yes,Yes,4,,,,,Yes,Yes,Yes,Yes,Yes,Yes,Yes,No,No,No,No,No,No
Galadion,Galadion Bay,Casket Oyster,Casket Oyster,钉牡蛎,못굴,7 - 11,,,9 - 13,,,Glowworm,Glowworm,,,Ragworm,Ragworm,222,2,3,!,Precision,Precision Hookset,,,,,,,,,,,Yes,No,No,4,,,,,No,Yes,No,No,No,Yes,No,No,No,No,No,No,No
Galadion,Galadion Bay,Quicksilver Blade,Quicksilver Blade,流银刃,수은 칼날,,,5 - 7,6 - 8,,,Glowworm,Glowworm,,,Plump Worm,Plump Worm,213,2,3,!!,Powerful,Powerful Hookset,,,,,,,,,,,No,Yes,No,4,S,Shark,Shark,,No,No,Yes,No,No,No,Yes,No,No,No,No,No,No
Galadion,Galadion Bay,Funnel Shark,Funnel Shark,漏斗鲨,깔때기상어,,,7 - 11,9 - 12,,,Glowworm,Glowworm,,,Plump Worm,Plump Worm,213,4,7,!!!,Powerful,Powerful Hookset,,,,,,,,,,,No,Yes,No,4,S,Shark,Shark,,No,No,Yes,No,No,No,Yes,No,No,No,No,No,No
Galadion,Galadion Bay,Nimble Dancer,Nimble Dancer,灵敏舞者,날렵한 무희,12 - 16,,,14 - 18,,,Glowworm,Glowworm,,,Ragworm,Ragworm,444,2,3,!,Precision,Precision Hookset,,,,,,,,,,,Yes,No,No,4,,,,,No,Yes,No,No,No,Yes,No,No,No,No,No,No,No
Galadion,Galadion Bay,F!Sothis,Sothis,F!索蒂斯,F!소티스,,,,,9 - 12,,Glowworm,Glowworm,,,Glowworm,Glowworm,500,1,1,!!!,Powerful,Powerful Hookset,,,,,,,,,,,No,No,Yes,5,,,,"(15s) x2 <img class=""iconMini"" src=""../img/fish/Heavenskey.png"" alt=""Heavenskey"" data-bs-toggle=""tooltip"" data-bs-trigger=""hover"" data-bs-title=""Heavenskey"" tabindex=""0""> + x1 <img class=""iconMini"" src=""../img/fish/Navigator_s Print.png"" alt=""Navigator's Print"" data-bs-toggle=""tooltip"" data-bs-trigger=""hover"" data-bs-title=""Navigator's Print"" tabindex=""0"">",Yes,No,No,Yes,Yes,No,No,No,No,No,No,No,No
Southern,Southern Merlthor,M!Ghoul Barracuda,Ghoul Barracuda,M!尸鬼梭鱼,M!구울 창꼬치어,4 - 8,4 - 8,4 - 8,7 - 11,,,,,,,Krill,Krill,10,2,3,!!,Powerful,Powerful Hookset,Yes,Yes,Yes,No,No,Yes,Wind,Wind,Gales,Gales,,,,1,,,,,Yes,Yes,Yes,Yes,Yes,Yes,Yes,No,No,No,No,No,No
Southern,Southern Merlthor,La Noscean Jelly,La Noscean Jelly,拉诺西亚水母,라노시아 젤리,2 - 5,2 - 5,2 - 5,5 - 8,,,,,,,Ragworm,Ragworm,10,3 - 4,5 - 7,!,Precision,Precision Hookset,Yes,Yes,Yes,Yes,Yes,Yes,Wind,Wind,Gales,Gales,,,,1,J,Jellyfish,Jellyfish,,Yes,Yes,Yes,Yes,Yes,Yes,Yes,No,No,No,No,No,No
Southern,Southern Merlthor,Sunfly,Sunfly,阳光蝴蝶鱼,해님나비어,5 - 9,5 - 9,5 - 9,8 - 12,,,,,,,Ragworm,Ragworm,10,2,3,!,Precision,Precision Hookset,Yes,Yes,Yes,Yes,Yes,Yes,Wind,Wind,Gales,Gales,,,,1,,,,,Yes,Yes,Yes,Yes,Yes,Yes,Yes,No,No,No,No,No,No
Southern,Southern Merlthor,Marine Bomb,Marine Bomb,海中爆弹,바다복,5 - 9,5 - 9,9 - 14,9 - 14,,,,,,,Krill,Krill,27,2,3,!,Precision,Precision Hookset,Yes,Yes,Yes,Yes,Yes,Yes,Wind,Wind,Gales,Gales,,,,2,,Fugu,Fugu,,No,Yes,Yes,Yes,Yes,Yes,Yes,No,No,No,No,No,No
Southern,Southern Merlthor,Shaggy Seadragon,Shaggy Seadragon,蓬松海龙,수풀해마,9 - 16,14 - 22,14 - 22,14 - 22,,,,,,,Ragworm,Ragworm,35,4,7,!,Precision,Precision Hookset,Yes,No,No,Yes,Yes,Yes,Wind,Wind,Gales,Gales,,,,2,,Seadragon,Seadragon,,No,Yes,Yes,Yes,Yes,Yes,Yes,No,No,No,No,No,No
Southern,Southern Merlthor,Momora Mora,Momora Mora,莫莫拉·莫拉,모모라 모라,13 - 21,13 - 21,8 - 17,13 - 21,,8 - 17,,,M!Ghoul Barracuda,Ghoul Barracuda,Plump Worm,Plump Worm,22,2,3,!!!,Powerful,Powerful Hookset,Yes,Yes,Yes,Yes,Yes,Yes,Wind,Wind,Gales,Gales,,,,2,,,,,Yes,Yes,Yes,Yes,Yes,Yes,Yes,No,No,No,No,No,No
Southern,Southern Merlthor,Merlthor Butterfly,Merlthor Butterfly,梅尔托尔蝴蝶鱼,멜토르 나비어,17 - 28,17 - 28,17 - 28,18 - 28,,,,,,,Ragworm,Ragworm,51,2,3,!,Precision,Precision Hookset,Yes,Yes,Yes,Yes,Yes,Yes,Wind,Wind,Gales,Gales,,,,3,,,,,No,Yes,Yes,Yes,Yes,Yes,Yes,No,No,No,No,No,No
Southern,Southern Merlthor,T!Gladius,Gladius,T!步兵剑,T!글라디우스,,,,,,7 - 14,,,M!Ghoul Barracuda,Ghoul Barracuda,M!Ghoul Barracuda,Ghoul Barracuda,49,2,3,!!,Powerful,Powerful Hookset,Yes,Yes,Yes,Yes,Yes,Yes,Wind,Wind,Gales,Gales,,,,3,,,,,No,Yes,Yes,Yes,Yes,Yes,Yes,No,No,No,No,No,No
Southern,Southern Merlthor,Spectral Discus,Spectral Discus,幻光盘丽鱼,유령 원반어,19 - 34,21 - 37,21 - 37,21 - 37,,,,,,,Krill,Krill,100,1,1,!!!,Precision,Precision Hookset,Yes,Yes,Yes,Yes,Yes,No,Wind,Wind,Gales,Gales,,,,4,,,,,Yes,Yes,Yes,Yes,Yes,Yes,Yes,No,No,No,No,No,No
Southern,Southern Merlthor,I!Little Leviathan,Little Leviathan,I!小利维亚桑,I!꼬마 리바이어선,,,16 - 28,,,,,,,,Plump Worm,Plump Worm,204,1,1,!!!,Powerful,Powerful Hookset,Yes,Yes,Yes,Yes,Yes,Yes,Wind,Wind,Gales,Gales,,,,4,,,,"(60s) x1 <img class=""iconMini"" src=""../img/fish/Gladius.png"" alt=""Gladius"" data-bs-toggle=""tooltip"" data-bs-trigger=""hover"" data-bs-title=""Gladius"" tabindex=""0"">",No,Yes,Yes,Yes,Yes,Yes,Yes,No,No,No,No,No,No
Southern,Southern Merlthor,Sea Nettle,Sea Nettle,海荨麻,바다쐐기,6 - 8,,,7 - 9,,,Shrimp Cage Feeder,Shrimp Cage Feeder,,,Ragworm,Ragworm,156,4,7,!,Precision,Precision Hookset,,,,,,,,,,,No,Yes,No,4,J,Jellyfish,Jellyfish,,No,No,No,Yes,No,Yes,No,No,No,No,No,No,No
Southern,Southern Merlthor,T!Great Grandmarlin,Great Grandmarlin,T!巨大枪鱼,T!장수 청새치,,,,,,2 - 3,Shrimp Cage Feeder,Shrimp Cage Feeder,M!Hi-aetherlouse,Hi-aetherlouse,M!Hi-aetherlouse,Hi-aetherlouse,127,2,3,!!,Powerful,Powerful Hookset,,,,,,,,,,,Yes,Yes,Yes,4,,,,,Yes,Yes,Yes,Yes,Yes,Yes,Yes,No,No,No,No,No,No
Southern,Southern Merlthor,Shipwreck's Sail,Shipwreck's Sail,海难船帆,난파선돛,2 - 3,2 - 3,2 - 3,4 - 6,2 - 3,4 - 6,Shrimp Cage Feeder,Shrimp Cage Feeder,M!Hi-aetherlouse,Hi-aetherlouse,Plump Worm,Plump Worm,59,2,3,!!,Powerful,Powerful Hookset,,,,,,,,,,,Yes,Yes,Yes,4,,,,,No,Yes,Yes,Yes,Yes,Yes,Yes,No,No,No,No,No,No
Southern,Southern Merlthor,Charlatan Survivor,Charlatan Survivor,寄生幸存者,사기꾼 투구게,3 - 4,3 - 4,3 - 4,5 - 8,3 - 4,,Shrimp Cage Feeder,Shrimp Cage Feeder,,,Krill,Krill,69,2,3,!,Precision,Precision Hookset,,,,,,,,,,,Yes,Yes,Yes,4,,,,,No,Yes,Yes,Yes,Yes,Yes,Yes,No,No,No,No,No,No
Southern,Southern Merlthor,M!Hi-aetherlouse,Hi-aetherlouse,M!高级以太药虱,M!하이 에테르충,3 - 4,3 - 4,3 - 4,5 - 7,3 - 4,,Shrimp Cage Feeder,Shrimp Cage Feeder,,,Ragworm,Ragworm,65,2,3,!,Precision,Precision Hookset,,,,,,,,,,,Yes,Yes,Yes,4,,,,,Yes,Yes,Yes,Yes,Yes,Yes,Yes,No,No,No,No,No,No
Southern,Southern Merlthor,Azeyma's Sleeve,Azeyma's Sleeve,太阳神面纱,아제마의 베일,3.5 - 6,3.5 - 6,3.5 - 6,6 - 9,3.5 - 6,,Shrimp Cage Feeder,Shrimp Cage Feeder,,,Krill,Krill,69,2,3,!,Precision,Precision Hookset,,,,,,,,,,,Yes,Yes,Yes,4,,,,,No,Yes,Yes,Yes,Yes,Yes,Yes,No,No,No,No,No,No
Southern,Southern Merlthor,Aetheric Seadragon,Aetheric Seadragon,以太海龙,에테르 해룡,,,,,,3 - 6,Shrimp Cage Feeder,Shrimp Cage Feeder,M!Hi-aetherlouse,Hi-aetherlouse,M!Hi-aetherlouse,Hi-aetherlouse,245,2,3,!!,Powerful,Powerful Hookset,,,,,,,,,,,No,No,Yes,4,,Seadragon,Seadragon,,No,Yes,No,No,No,No,Yes,No,No,No,No,No,No
Southern,Southern Merlthor,Mythril Sovereign,Mythril Sovereign,秘银君,미스릴 군주,,5 - 6,,7 - 9,,,Shrimp Cage Feeder,Shrimp Cage Feeder,,,Krill,Krill,196,2,3,!!,Powerful,Powerful Hookset,,,,,,,,,,,Yes,No,No,4,,,,,No,No,Yes,No,Yes,No,No,No,No,No,No,No,No
Southern,Southern Merlthor,Roguesaurus,Roguesaurus,无赖龙,불량배 사우루스,,,,,,3 - 4,Shrimp Cage Feeder,Shrimp Cage Feeder,M!Hi-aetherlouse,Hi-aetherlouse,M!Hi-aetherlouse,Hi-aetherlouse,345,2,3,!!!,Powerful,Powerful Hookset,,,,,,,,,,,No,Yes,No,4,,,,,No,No,No,Yes,No,Yes,No,No,No,No,No,No,No
Southern,Southern Merlthor,F!Coral Manta,Coral Manta,F!珊瑚蝠鲼,F!산호가오리,,,,,9 - 12,,Shrimp Cage Feeder,Shrimp Cage Feeder,,,Shrimp Cage Feeder,Shrimp Cage Feeder,500,1,1,!!!,Powerful,Powerful Hookset,,,,,,,,,,,No,No,Yes,5,,,,"(15s) x2 <img class=""iconMini"" src=""../img/fish/Great Grandmarlin.png"" alt=""Great Grandmarlin"" data-bs-toggle=""tooltip"" data-bs-trigger=""hover"" data-bs-title=""Great Grandmarlin"" tabindex=""0"">",Yes,Yes,No,No,No,No,Yes,No,No,No,No,No,No
Northern,Northern Merlthor,Floefish,Floefish,浮冰鱼,유빙어,4 - 8,4 - 8,4 - 8,7 - 12,,,,,,,Ragworm,Ragworm,13,2,3,!,Precision,Precision Hookset,Yes,Yes,Yes,No,No,Yes,Snow,Snow,Blizzards,Blizzards,,,,1,,,,,Yes,Yes,Yes,Yes,No,No,No,Yes,Yes,Yes,No,No,No
Northern,Northern Merlthor,Megasquid,Megasquid,巨乌贼,왕오징어,6 - 10,6 - 10,6 - 10,8 - 14,,,,,,,Plump Worm,Plump Worm,11,2,3,!!,Powerful,Powerful Hookset,Yes,Yes,Yes,Yes,Yes,Yes,Snow,Snow,Blizzards,Blizzards,,,,1,,,,,Yes,Yes,Yes,Yes,No,No,No,Yes,Yes,Yes,No,No,No
Northern,Northern Merlthor,Oschon's Stone,Oschon's Stone,放浪神之石,오쉬온의 돌,12 - 22,12 - 22,12 - 22,15 - 25,,15 - 25,,,M!Tossed Dagger,Tossed Dagger,Plump Worm,Plump Worm,11,2,3,!!,Powerful,Powerful Hookset,Yes,Yes,Yes,Yes,Yes,Yes,Snow,Snow,Blizzards,Blizzards,,,,1,,,,,Yes,Yes,Yes,Yes,No,No,No,Yes,Yes,Yes,No,No,No
Northern,Northern Merlthor,M!Tossed Dagger,Tossed Dagger,海投刀,총총단검어,7 - 14,12 - 18,12 - 18,10 - 16,,,,,,,Ragworm,Ragworm,27,2,3,!,Precision,Precision Hookset,Yes,Yes,Yes,Yes,No,Yes,Snow,Snow,Blizzards,Blizzards,,,,2,,,,,Yes,Yes,Yes,Yes,No,No,No,Yes,Yes,Yes,No,No,No
Northern,Northern Merlthor,Tripod Fish,Tripod Fish,三角刺鱼,삼각고기,15 - 24,10 - 19,15 - 24,15 - 24,,,,,,,Krill,Krill,43,2,3,!,Precision,Precision Hookset,Yes,No,No,Yes,Yes,Yes,Snow,Snow,Blizzards,Blizzards,,,,2,,Fugu,Fugu,,No,Yes,Yes,Yes,No,No,No,Yes,Yes,Yes,No,No,No
Northern,Northern Merlthor,Net Crawler,Net Crawler,蜘蛛蟹,긴다리거미게,14 - 22,9 - 17,14 - 22,14 - 22,,,,,,,Krill,Krill,36,2,3,!!,Powerful,Powerful Hookset,Yes,Yes,Yes,Yes,Yes,Yes,Snow,Snow,Blizzards,Blizzards,,,,2,C,Crab,Crab,,No,Yes,Yes,Yes,No,No,No,Yes,Yes,Yes,No,No,No
Northern,Northern Merlthor,Merlthor Lobster,Merlthor Lobster,梅尔托尔龙虾,멜토르 가재,17 - 28,17 - 28,17 - 28,17 - 28,,,,,,,Krill,Krill,45,2,3,!,Precision,Precision Hookset,Yes,Yes,Yes,Yes,Yes,Yes,Snow,Snow,Blizzards,Blizzards,,,,3,,,,,No,Yes,Yes,Yes,No,No,No,Yes,Yes,Yes,No,No,No
Northern,Northern Merlthor,T!Elder Dinichthys,Elder Dinichthys,T!古老恐鱼,T!장로 디니크티스,,,,,,10 - 17,,,M!Tossed Dagger,Tossed Dagger,M!Tossed Dagger,Tossed Dagger,52,2,3,!!,Powerful,Powerful Hookset,Yes,Yes,Yes,Yes,Yes,Yes,Snow,Snow,Blizzards,Blizzards,,,,3,,,,,No,Yes,Yes,Yes,No,No,No,Yes,Yes,Yes,No,No,No
Northern,Northern Merlthor,Spectral Sea Bo,Spectral Sea Bo,幻光海马,유령 해마,20 - 36,20 - 36,20 - 36,25 - 39,,,,,,,Ragworm,Ragworm,100,1,1,!!!,Precision,Precision Hookset,Yes,Yes,Yes,Yes,Yes,No,Snow,Snow,Blizzards,Blizzards,,,,4,,,,,Yes,Yes,Yes,Yes,No,No,No,Yes,Yes,Yes,No,No,No
Northern,Northern Merlthor,I!Shooting Star,Shooting Star,I!海流星,I!바다의 유성,16 - 28,,,,,,,,,,Ragworm,Ragworm,226,1,1,!!!,Precision,Precision Hookset,Yes,Yes,Yes,Yes,Yes,Yes,Snow,Snow,Blizzards,Blizzards,,,,4,,,,"(60s) x1 <img class=""iconMini"" src=""../img/fish/Elder Dinichthys.png"" alt=""Elder Dinichthys"" data-bs-toggle=""tooltip"" data-bs-trigger=""hover"" data-bs-title=""Elder Dinichthys"" tabindex=""0"">",No,Yes,Yes,Yes,No,No,No,Yes,Yes,Yes,No,No,No
Northern,Northern Merlthor,Hammerclaw,Hammerclaw,锤爪龙虾,망치가재,2 - 3,2 - 3,2 - 3,4 - 6,4 - 6,,Heavy Steel Jig,Heavy Steel Jig,,,Krill,Krill,69,2,3,!,Precision,Precision Hookset,,,,,,,,,,,Yes,Yes,Yes,4,,,,,No,Yes,Yes,Yes,No,No,No,Yes,Yes,Yes,No,No,No
Northern,Northern Merlthor,Coccosteus,Coccosteus,尾骨鱼,코코스테우스,2 - 3,2 - 3,2 - 3,4 - 6,2 - 3,,Heavy Steel Jig,Heavy Steel Jig,,,Plump Worm,Plump Worm,79,2,3,!!,Powerful,Powerful Hookset,,,,,,,,,,,Yes,Yes,Yes,4,,,,,No,Yes,Yes,Yes,No,No,No,Yes,Yes,Yes,No,No,No
Northern,Northern Merlthor,Bartholomew the Chopper,Bartholomew the Chopper,剪碎手巴塞洛缪,재단게,5 - 6,,,7 - 9,,,Heavy Steel Jig,Heavy Steel Jig,,,Ragworm,Ragworm,221,4,7,!,Precision,Precision Hookset,,,,,,,,,,,No,No,Yes,4,C,Crab,Crab,,No,No,Yes,No,No,No,No,No,No,Yes,No,No,No
Northern,Northern Merlthor,Prowler,Prowler,巡游者,호랑냥대구,3 - 4,3 - 4,3 - 4,5 - 7,3 - 4,,Heavy Steel Jig,Heavy Steel Jig,,,Ragworm,Ragworm,79,2,3,!,Precision,Precision Hookset,,,,,,,,,,,Yes,Yes,Yes,4,,,,,No,Yes,Yes,Yes,No,No,No,Yes,Yes,Yes,No,No,No
Northern,Northern Merlthor,Mopbeard,Mopbeard,幻纱披风,빗자루수염,,5.5 - 8,,7 - 10,,,Heavy Steel Jig,Heavy Steel Jig,,,Krill,Krill,198,4,7,!!,Powerful,Powerful Hookset,,,,,,,,,,,No,No,Yes,4,,Octopus,Octopus,,No,No,Yes,No,No,No,No,No,No,Yes,No,No,No
Northern,Northern Merlthor,Wild Urchin,Wild Urchin,狂野海胆,야생 성게,3.5 - 6,3.5 - 6,3.5 - 6,6 - 9,6 - 9,,Heavy Steel Jig,Heavy Steel Jig,,,Ragworm,Ragworm,79,2,3,!,Precision,Precision Hookset,,,,,,,,,,,Yes,Yes,Yes,4,,,,,No,Yes,Yes,Yes,No,No,No,Yes,Yes,Yes,No,No,No
Northern,Northern Merlthor,T!Gugrusaurus,Gugrusaurus,T!守领鳍龙,T!구그루사우루스,4 - 8,4 - 8,4 - 8,7 - 10,4 - 8,,Heavy Steel Jig,Heavy Steel Jig,,,Plump Worm,Plump Worm,79,3 - 4,5 - 7,!!!,Powerful,Powerful Hookset,,,,,,,,,,,Yes,Yes,Yes,4,,,,,Yes,Yes,Yes,Yes,No,No,No,Yes,Yes,Yes,No,No,No
Northern,Northern Merlthor,Coral Seadragon,Coral Seadragon,珊瑚海龙,산호 해룡,7 - 11,,,8 - 12,,,Heavy Steel Jig,Heavy Steel Jig,,,Ragworm,Ragworm,189,4,7,!,Precision,Precision Hookset,,,,,,,,,,,No,Yes,No,4,,Seadragon,Seadragon,,No,Yes,No,No,No,No,No,No,Yes,No,No,No,No
Northern,Northern Merlthor,The Fallen One,The Fallen One,坠天鱼,타락어,,7 - 10,,9 - 11,,,Heavy Steel Jig,Heavy Steel Jig,,,Krill,Krill,374,2,3,!!,Powerful,Powerful Hookset,,,,,,,,,,,No,Yes,No,4,,,,,No,Yes,No,No,No,No,No,No,Yes,No,No,No,No
Northern,Northern Merlthor,F!Elasmosaurus,Elasmosaurus,F!依拉丝莫龙,F!엘라스모사우루스,,,,,9 - 12,,Heavy Steel Jig,Heavy Steel Jig,,,Heavy Steel Jig,Heavy Steel Jig,500,1,1,!!!,Powerful,Powerful Hookset,,,,,,,,,,,Yes,No,No,5,,,,"(15s) x3 <img class=""iconMini"" src=""../img/fish/Gugrusaurus.png"" alt=""Gugrusaurus"" data-bs-tooltip=""popover"" data-bs-trigger=""hover"" data-bs-title=""Gugrusaurus"" tabindex=""0"">",Yes,No,No,Yes,No,No,No,Yes,No,No,No,No,No
Rhotano,Rhotano Sea,Rhotano Wahoo,Rhotano Wahoo,罗塔诺梭子鰆,로타노 줄삼치,6 - 11,6 - 11,6 - 11,9 - 14,,,,,,,Krill,Krill,13,2,3,!!,Powerful,Powerful Hookset,Yes,Yes,Yes,Yes,No,Yes,Dust Storms,Dust Storms,Heat Waves,Heat Waves,,,,1,,,,,Yes,No,No,No,Yes,Yes,Yes,No,No,No,Yes,Yes,Yes
Rhotano,Rhotano Sea,Rhotano Sardine,Rhotano Sardine,罗塔诺沙丁鱼,로타노 정어리,6 - 11,6 - 11,6 - 11,9 - 14,,,,,,,Ragworm,Ragworm,10,2,3,!,Precision,Precision Hookset,Yes,Yes,Yes,Yes,Yes,Yes,Dust Storms,Dust Storms,Heat Waves,Heat Waves,,,,1,,,,,No,No,No,No,Yes,Yes,Yes,No,No,No,Yes,Yes,Yes
Rhotano,Rhotano Sea,Deep Plaice,Deep Plaice,深海平鱼,심해 넙치,7 - 12,7 - 12,7 - 12,9 - 15,,,,,,,Krill,Krill,15,2,3,!!,Powerful,Powerful Hookset,Yes,Yes,Yes,No,No,Yes,Dust Storms,Dust Storms,Heat Waves,Heat Waves,,,,1,,,,,Yes,No,No,No,Yes,Yes,Yes,No,No,No,Yes,Yes,Yes
Rhotano,Rhotano Sea,T!Crimson Monkfish,Crimson Monkfish,T!深红钓鮟鱇,T!진홍아귀,12 - 18,12 - 18,7 - 14,12 - 19,,,,,,,Plump Worm,Plump Worm,32,3 - 4,5 - 7,!!,Powerful,Powerful Hookset,Yes,Yes,Yes,Yes,Yes,Yes,Dust Storms,Dust Storms,Heat Waves,Heat Waves,,,,2,,,,,No,No,No,No,Yes,Yes,Yes,No,No,No,Yes,Yes,Yes
Rhotano,Rhotano Sea,Chrome Hammerhead,Chrome Hammerhead,铬铁锤头鲨,크롬 망치상어,20 - 33,20 - 33,15 - 28,20 - 33,,,,,,,Plump Worm,Plump Worm,32,4,7,!!!,Powerful,Powerful Hookset,Yes,Yes,Yes,Yes,Yes,Yes,Dust Storms,Dust Storms,Heat Waves,Heat Waves,,,,2,S,Shark,Shark,,Yes,No,No,No,Yes,Yes,Yes,No,No,No,Yes,Yes,Yes
Rhotano,Rhotano Sea,Ogre Eel,Ogre Eel,魔鳗,오거장어,13 - 20,13 - 20,8 - 15,13 - 20,,,,,,,Plump Worm,Plump Worm,38,2,3,!!,Powerful,Powerful Hookset,Yes,No,No,Yes,Yes,Yes,Dust Storms,Dust Storms,Heat Waves,Heat Waves,,,,2,,,,,No,No,No,No,Yes,Yes,Yes,No,No,No,Yes,Yes,Yes
Rhotano,Rhotano Sea,Dark Nautilus,Dark Nautilus,暗鹦鹉螺,어둑앵무조개,17 - 27,17 - 26,17 - 27,17 - 27,,,,,,,Krill,Krill,46,2,3,!,Precision,Precision Hookset,Yes,Yes,Yes,Yes,Yes,Yes,Dust Storms,Dust Storms,Heat Waves,Heat Waves,,,,3,,,,,No,No,No,No,Yes,Yes,Yes,No,No,No,Yes,Yes,Yes
Rhotano,Rhotano Sea,Lampfish,Lampfish,灯鱼,새알고기,11 - 16,11 - 16,11 - 16,11 - 16,,,,,,,Ragworm,Ragworm,47,2,3,!,Precision,Precision Hookset,Yes,Yes,Yes,Yes,Yes,Yes,Dust Storms,Dust Storms,Heat Waves,Heat Waves,,,,3,F,Fugu,Fugu,,No,No,No,No,Yes,Yes,Yes,No,No,No,Yes,Yes,Yes
Rhotano,Rhotano Sea,Spectral Bass,Spectral Bass,幻光鲈,유령 농어,21 - 36,21 - 36,21 - 36,23 - 38,,,,,,,Plump Worm,Plump Worm,100,1,1,!!!,Powerful,Powerful Hookset,Yes,Yes,Yes,Yes,Yes,No,Dust Storms,Dust Storms,Heat Waves,Heat Waves,,,,4,,,,,Yes,No,No,No,Yes,Yes,Yes,No,No,No,Yes,Yes,Yes
Rhotano,Rhotano Sea,I!Sabaton,Sabaton,I!海铠靴,I!바다판금장화,,11 - 19,,,,,,,,,Krill,Krill,204,1,1,!!!,Precision,Precision Hookset,Yes,Yes,Yes,Yes,Yes,Yes,Dust Storms,Dust Storms,Heat Waves,Heat Waves,,,,4,,,,"(60s) x2 <img class=""iconMini"" src=""../img/fish/Crimson Monkfish.png"" alt=""Crimson Monkfish"" data-bs-toggle=""popover"" data-bs-trigger=""hover"" data-bs-content=""Crimson Monkfish"" tabindex=""0"">",No,No,No,No,Yes,Yes,Yes,No,No,No,Yes,Yes,Yes
Rhotano,Rhotano Sea,Aronnax,Aronnax,阿龙纳斯,아로낙스,2 - 3,2 - 3,2 - 3,4 - 6,2 - 3,,Rat Tail,Rat Tail,,,Krill,Krill,95,2,3,!,Precision,Precision Hookset,,,,,,,,,,,Yes,Yes,Yes,4,,,,,No,No,No,No,Yes,Yes,Yes,No,No,No,Yes,Yes,Yes
Rhotano,Rhotano Sea,Sweeper,Sweeper,清道夫,청소상어,5 - 7,,5 - 7,7 - 8,,,Rat Tail,Rat Tail,,,Plump Worm,Plump Worm,216,2,3,!!,Powerful,Powerful Hookset,,,,,,,,,,,Yes,No,No,4,S,Shark,Shark,,No,No,No,No,No,No,Yes,No,No,No,Yes,No,No
Rhotano,Rhotano Sea,T!Silencer,Silencer,T!沉寂者,T!침묵어,3 - 4,3 - 4,3 - 4,4 - 7,5 - 7,,Rat Tail,Rat Tail,,,Ragworm,Ragworm,89,4,7,!,Precision,Precision Hookset,,,,,,,,,,,Yes,Yes,Yes,4,F,Fugu,Fugu,,Yes,No,No,No,Yes,Yes,Yes,No,No,No,Yes,Yes,Yes
Rhotano,Rhotano Sea,T!Deep-sea Eel,Deep-sea Eel,T!深海鳗,T!심해 장어,5 - 9,5 - 9,5 - 9,7 - 11,5 - 9,,Rat Tail,Rat Tail,,,Plump Worm,Plump Worm,81,2,3,!!,Powerful,Powerful Hookset,,,,,,,,,,,Yes,Yes,Yes,4,,,,,Yes,No,No,No,Yes,Yes,Yes,No,No,No,Yes,Yes,Yes
Rhotano,Rhotano Sea,Executioner,Executioner,处刑者,사형집행어,,,6 - 9,8 - 12,,,Rat Tail,Rat Tail,,,Plump Worm,Plump Worm,216,4,7,!!!,Powerful,Powerful Hookset,,,,,,,,,,,Yes,No,No,4,S,Shark,Shark,,No,No,No,No,No,No,Yes,No,No,No,Yes,No,No
Rhotano,Rhotano Sea,Floating Saucer,Floating Saucer,浮游碟鱼,부유접시,,7 - 11,,9 - 13,,,Rat Tail,Rat Tail,,,Krill,Krill,222,4,7,!,Precision,Precision Hookset,,,,,,,,,,,No,No,Yes,4,,Jellyfish,Jellyfish,,No,No,No,No,No,Yes,No,No,No,No,No,No,Yes
Rhotano,Rhotano Sea,True Barramundi,True Barramundi,尖吻鲈,바라문디,3.5 - 6,3.5 - 6,3.5 - 6,5 - 9,3.5 - 6,,Rat Tail,Rat Tail,,,Krill,Krill,95,2,3,!!,Powerful,Powerful Hookset,,,,,,,,,,,Yes,Yes,Yes,4,,,,,No,No,No,No,Yes,Yes,Yes,No,No,No,Yes,Yes,Yes
Rhotano,Rhotano Sea,Prodigal Son,Prodigal Son,浪子鱼,방탕아,3.5 - 6,3.5 - 6,3.5 - 6,5 - 9,3.5 - 6,,Rat Tail,Rat Tail,,,Krill,Krill,95,2,3,!!,Powerful,Powerful Hookset,,,,,,,,,,,Yes,Yes,Yes,4,,,,,No,No,No,No,Yes,Yes,Yes,No,No,No,Yes,Yes,Yes
Rhotano,Rhotano Sea,Slipsnail,Slipsnail,蜗牛鱼,달팽이고기,5 - 7,,,6 - 9,,,Rat Tail,Rat Tail,,,Ragworm,Ragworm,246,2,3,!,Precision,Precision Hookset,,,,,,,,,,,No,No,Yes,4,,,,,No,No,No,No,No,Yes,No,No,No,No,No,No,Yes
Rhotano,Rhotano Sea,F!Stonescale,Stonescale,F!石骨鱼,F!바위비늘,,,,,9 - 13,,Rat Tail,Rat Tail,,,Rat Tail,Rat Tail,500,1,1,!!!,Powerful,Powerful Hookset,,,,,,,,,,,No,Yes,No,5,,,,"(15s) x1 <img class=""iconMini"" src=""../img/fish/Deep-sea Eel.png"" alt=""Deep-sea Eel"" data-bs-toggle=""tooltip"" data-bs-trigger=""hover"" data-bs-title=""Deep-sea Eel"" tabindex=""0""> + x1 <img class=""iconMini"" src=""../img/fish/Silencer.png"" alt=""Silencer"" data-bs-toggle=""tooltip"" data-bs-trigger=""hover"" data-bs-title=""Silencer"" tabindex=""0"">",Yes,No,No,No,Yes,No,No,No,No,No,No,Yes,No
Cieldalaes,The Cieldalaes,Tortoiseshell Crab,Tortoiseshell Crab,龟甲蟹,거북등딱지게,6 - 12,6 - 12,6 - 12,8 - 15,,,,,,,Krill,Krill,10,2,3,!!,Powerful,Powerful Hookset,Yes,Yes,Yes,Yes,Yes,Yes,Thunder,Thunder,Thunderstorms,Thunderstorms,,,,1,C,Crab,Crab,,No,No,No,No,No,No,No,Yes,Yes,Yes,Yes,Yes,Yes
Cieldalaes,The Cieldalaes,Lady's Cameo,Lady's Cameo,艾德薇雅的戒指,에드비아의 반지,12 - 22,12 - 22,12 - 22,14 - 26,,,,,,,Ragworm,Ragworm,15,2,3,!,Precision,Precision Hookset,Yes,Yes,Yes,No,No,Yes,Thunder,Thunder,Thunderstorms,Thunderstorms,,,,1,,,,,Yes,No,No,No,No,No,No,Yes,Yes,Yes,Yes,Yes,Yes
Cieldalaes,The Cieldalaes,T!Metallic Boxfish,Metallic Boxfish,T!金属箱,T!철상자복,5 - 11,5 - 11,5 - 11,9 - 14,,,,,,,Ragworm,Ragworm,9,2,3,!,Precision,Precision Hookset,Yes,Yes,Yes,Yes,Yes,Yes,Thunder,Thunder,Thunderstorms,Thunderstorms,,,,1,F,Fugu,Fugu,,Yes,No,No,No,No,No,No,Yes,Yes,Yes,Yes,Yes,Yes
Cieldalaes,The Cieldalaes,Goobbue Ray,Goobbue Ray,古菩鳐,구부가오리,17 - 27,17 - 27,12 - 22,18 - 27,,,,,,,Plump Worm,Plump Worm,33,2,3,!!,Powerful,Powerful Hookset,Yes,Yes,Yes,Yes,Yes,Yes,Thunder,Thunder,Thunderstorms,Thunderstorms,,,,2,,Manta,Manta,,No,No,No,No,No,No,No,Yes,Yes,Yes,Yes,Yes,Yes
Cieldalaes,The Cieldalaes,Watermoura,Watermoura,海瓦魔蛾,바다와무라,14 - 22,9 - 17,14 - 22,14 - 22,,,,,,,Krill,Krill,41,2,3,!,Precision,Precision Hookset,Yes,Yes,Yes,Yes,No,Yes,Thunder,Thunder,Thunderstorms,Thunderstorms,,,,2,,,,,No,No,No,No,No,No,No,Yes,Yes,Yes,Yes,Yes,Yes
Cieldalaes,The Cieldalaes,King Cobrafish,King Cobrafish,眼镜王蛇鱼,왕독사고기,9 - 12,9 - 12,5 - 8,9 - 12,,,,,,,Plump Worm,Plump Worm,39,2,3,!!!,Powerful,Powerful Hookset,Yes,No,No,Yes,Yes,Yes,Thunder,Thunder,Thunderstorms,Thunderstorms,,,,2,,,,,Yes,No,No,No,No,No,No,Yes,Yes,Yes,Yes,Yes,Yes
Cieldalaes,The Cieldalaes,Mamahi-mahi,Mamahi-mahi,真麻希鲯鳅,마마히마히,18 - 30,18 - 30,18 - 30,18 - 30,,,,,,,Plump Worm,Plump Worm,58,2,3,!!!,Powerful,Powerful Hookset,Yes,Yes,Yes,Yes,Yes,Yes,Thunder,Thunder,Thunderstorms,Thunderstorms,,,,3,,,,,Yes,No,No,No,No,No,No,Yes,Yes,Yes,Yes,Yes,Yes
Cieldalaes,The Cieldalaes,Lavandin Remora,Lavandin Remora,混种薰衣草印鱼,라반딘 빨판어,16 - 26,16 - 26,16 - 26,16 - 25,,,,,,,Krill,Krill,52,2,3,!,Precision,Precision Hookset,Yes,Yes,Yes,Yes,Yes,Yes,Thunder,Thunder,Thunderstorms,Thunderstorms,,,,3,,,,,No,No,No,No,No,No,No,Yes,Yes,Yes,Yes,Yes,Yes
Cieldalaes,The Cieldalaes,Spectral Butterfly,Spectral Butterfly,幻光蝴蝶鱼,유령나비어,12 - 18,12 - 18,12 - 18,13 - 20,,,,,,,Ragworm,Ragworm,100,1,1,!!!,Precision,Precision Hookset,Yes,Yes,Yes,Yes,Yes,No,Thunder,Thunder,Thunderstorms,Thunderstorms,,,,4,,,,,Yes,No,No,No,No,No,No,Yes,Yes,Yes,Yes,Yes,Yes
Cieldalaes,The Cieldalaes,I!Cieldalaes Geode,Cieldalaes Geode,I!谢尔达莱结晶,I!시엘달레 수정굴어,,13 - 26,,,,,,,,,Krill,Krill,246,1,1,!!!,Powerful,Powerful Hookset,Yes,Yes,Yes,Yes,Yes,Yes,Thunder,Thunder,Thunderstorms,Thunderstorms,,,,4,,,,"(60s) x3 <img class=""iconMini"" src=""../img/fish/Metallic Boxfish.png"" alt=""Metallic Boxfish"" data-bs-toggle=""tooltip"" data-bs-trigger=""hover"" data-bs-title=""Metallic Boxfish"" tabindex=""0"">",No,No,No,No,No,No,No,Yes,Yes,Yes,Yes,Yes,Yes
Cieldalaes,The Cieldalaes,Titanshell Crab,Titanshell Crab,泰坦硬甲蟹,타이탄등딱지게,2 - 3,2 - 3,2 - 3,4 - 6,4 - 6,,Squid Strip,Squid Strip,,,Krill,Krill,84,4,7,!!,Powerful,Powerful Hookset,,,,,,,,,,,Yes,Yes,Yes,4,C,Crab,Crab,,No,No,No,No,No,No,No,Yes,Yes,Yes,Yes,Yes,Yes
Cieldalaes,The Cieldalaes,Mythril Boxfish,Mythril Boxfish,秘银箱,미스릴상자복,2 - 3,2 - 3,2 - 3,4 - 6,4 - 6,,Squid Strip,Squid Strip,,,Ragworm,Ragworm,64,4,7,!,Precision,Precision Hookset,,,,,,,,,,,Yes,Yes,Yes,4,F,Fugu,Fugu,,No,No,No,No,No,No,No,Yes,Yes,Yes,Yes,Yes,Yes
Cieldalaes,The Cieldalaes,T!Mistbeard's Cup,Mistbeard's Cup,T!雾须酒杯,T!안개수염의 잔,3 - 4,3 - 4,3 - 4,5 - 8,3 - 4,,Squid Strip,Squid Strip,,,Squid Strip,Squid Strip,84,2,3,!!,Powerful,Powerful Hookset,,,,,,,,,,,Yes,Yes,Yes,4,,,,,Yes,No,No,No,No,No,No,Yes,Yes,Yes,Yes,Yes,Yes
Cieldalaes,The Cieldalaes,Anomalocaris Saron,Anomalocaris Saron,帚状奇虾,아노말로카리스 사론,3.5 - 6,3.5 - 6,3.5 - 6,6 - 9,3.5 - 6,,Squid Strip,Squid Strip,,,Squid Strip,Squid Strip,84,2,3,!,Precision,Precision Hookset,,,,,,,,,,,Yes,Yes,Yes,4,,,,,No,No,No,No,No,No,No,Yes,Yes,Yes,Yes,Yes,Yes
Cieldalaes,The Cieldalaes,Flaming Eel,Flaming Eel,火烈鳗,불꽃장어,,6 - 9,,9 - 11,6 - 9,,Squid Strip,Squid Strip,,,Krill,Krill,198,2,3,!!,Powerful,Powerful Hookset,,,,,,,,,,,No,Yes,No,4,,,,,No,No,No,No,No,No,No,No,No,Yes,No,No,Yes
Cieldalaes,The Cieldalaes,T!Jetborne Manta,Jetborne Manta,T!喷射蝠鲼,T!제트가오리,2 - 3,2 - 3,2 - 3,4 - 6,4 - 6,,Squid Strip,Squid Strip,,,Plump Worm,Plump Worm,75,4,7,!!!,Powerful,Powerful Hookset,,,,,,,,,,,Yes,Yes,Yes,4,,Manta,Manta,,Yes,No,No,No,No,No,No,Yes,Yes,Yes,Yes,Yes,Yes
Cieldalaes,The Cieldalaes,Devil's Sting,Devil's Sting,恶魔刺,악마의 독침,,7 - 11,,9 - 12,7 - 11,,Squid Strip,Squid Strip,,,Krill,Krill,201,2,3,!!,Powerful,Powerful Hookset,,,,,,,,,,,Yes,No,No,4,,,,,No,No,No,No,No,No,No,No,Yes,No,No,Yes,No
Cieldalaes,The Cieldalaes,Callichthyid,Callichthyid,美鲶,칼리크티스,,,6 - 8,10 - 12,,,Squid Strip,Squid Strip,,,Plump Worm,Plump Worm,178,2,3,!!!,Powerful,Powerful Hookset,,,,,,,,,,,Yes,No,No,4,,,,,No,No,No,No,No,No,No,No,Yes,No,No,Yes,No
Cieldalaes,The Cieldalaes,Meandering Mora,Meandering Mora,浮游翻车鱼,부유개복치,,,7 - 9,9 - 11,,,Squid Strip,Squid Strip,,,Plump Worm,Plump Worm,283,2,3,!!,Powerful,Powerful Hookset,,,,,,,,,,,No,Yes,No,4,,,,,No,No,No,No,No,No,No,No,No,Yes,No,No,Yes
Cieldalaes,The Cieldalaes,F!Hafgufa,Hafgufa,F!哈弗古法,F!하프구바,,,,,9 - 12,,Squid Strip,Squid Strip,,,Squid Strip,Squid Strip,500,1,1,!!!,Powerful,Powerful Hookset,,,,,,,,,,,No,No,Yes,5,,,,"(15s) x2 <img class=""iconMini"" src=""../img/fish/Jetborne Manta.png"" alt=""Jetborne Manta"" data-bs-toggle=""tooltip"" data-bs-trigger=""hover"" data-bs-title=""Jetborne Manta"" tabindex=""0""> + x1 <img class=""iconMini"" src=""../img/fish/Mistbeard_s Cup.png"" alt=""Mistbeard\'s Cup"" data-bs-toggle=""tooltip"" data-bs-trigger=""hover"" data-bs-title=""Mistbeard's Cup"" tabindex=""0"">",Yes,No,No,No,No,No,No,Yes,No,No,Yes,No,No
Bloodbrine,The Bloodbrine Sea,Thaliak Crab,Thaliak Crab,沙利亚克河蟹,살리아크게,4 - 7,4 - 7,4 - 7,7 - 11,,,,,,,Ragworm,Ragworm,9,2,3,!,Precision,Precision Hookset,Yes,Yes,Yes,Yes,Yes,Yes,Rain,Rain,Showers,Showers,,,,1,C,Crab,Crab,,No,No,No,No,No,No,No,Yes,Yes,Yes,No,No,No
Bloodbrine,The Bloodbrine Sea,Star of the Destroyer,Star of the Destroyer,破坏神的星尘,랄거의 별조각,7 - 13,7 - 13,7 - 13,10 - 17,,,,,,,Ragworm,Ragworm,14,2,3,!,Precision,Precision Hookset,Yes,Yes,Yes,No,No,Yes,Rain,Rain,Showers,Showers,,,,1,,,,,No,No,No,No,No,No,No,Yes,Yes,Yes,No,No,No
Bloodbrine,The Bloodbrine Sea,True Scad,True Scad,真鲹,참전갱이,6 -10,6 - 10,6 - 10,9 - 14,,,,,,,Krill,Krill,8,2,3,!!,Powerful,Powerful Hookset,Yes,Yes,Yes,Yes,Yes,Yes,Rain,Rain,Showers,Showers,,,,1,,,,,Yes,No,No,No,No,No,No,Yes,Yes,Yes,No,No,No
Bloodbrine,The Bloodbrine Sea,Blooded Wrasse,Blooded Wrasse,渗血隆头鱼,피혹부리놀래기,12 - 17,12 - 17,7 - 12,12 - 17,,,,,,,Plump Worm,Plump Worm,35,2,3,!!,Powerful,Powerful Hookset,Yes,Yes,Yes,Yes,No,Yes,Rain,Rain,Showers,Showers,,,,2,,,,,No,No,No,No,No,No,No,Yes,Yes,Yes,No,No,No
Bloodbrine,The Bloodbrine Sea,Bloodpolish Crab,Bloodpolish Crab,染血抛光蟹,핏빛집게게,14 - 27,19 - 32,19 - 32,19 - 32,,,,,,,Ragworm,Ragworm,28,4,7,!,Precision,Precision Hookset,Yes,Yes,Yes,Yes,Yes,Yes,Rain,Rain,Showers,Showers,,,,2,C,Crab,Crab,,No,No,No,No,No,No,No,Yes,Yes,Yes,No,No,No
Bloodbrine,The Bloodbrine Sea,Blue Stitcher,Blue Stitcher,蓝针,푸른바늘,8 - 11,3 - 6,8 - 11,8 - 11,,,,,,,Krill,Krill,30,2,3,!,Precision,Precision Hookset,Yes,No,No,Yes,Yes,Yes,Rain,Rain,Showers,Showers,,,,2,,,,,No,No,No,No,No,No,No,Yes,Yes,Yes,No,No,No
Bloodbrine,The Bloodbrine Sea,Bloodfresh Tuna,Bloodfresh Tuna,血红金枪鱼,핏빛참치,14 - 21,14 - 21,14 - 21,14 - 21,,,,,,,Plump Worm,Plump Worm,43,2,3,!!,Powerful,Powerful Hookset,Yes,Yes,Yes,Yes,Yes,Yes,Rain,Rain,Showers,Showers,,,,3,,,,,No,No,No,No,No,No,No,Yes,Yes,Yes,No,No,No
Bloodbrine,The Bloodbrine Sea,T!Sunken Mask,Sunken Mask,T!落水面具,T!침몰가면,14 - 22,14 - 22,14 - 22,14 - 22,,,,,,,Ragworm,Ragworm,49,2,3,!!!,Powerful,Powerful Hookset,Yes,Yes,Yes,Yes,Yes,Yes,Rain,Rain,Showers,Showers,,,,3,,,,,Yes,No,No,No,No,No,No,Yes,Yes,No,No,No,No
Bloodbrine,The Bloodbrine Sea,Spectral Eel,Spectral Eel,幻光鳗,유령 장어,14 - 22,14 - 22,14 - 22,14 - 22,,,,,,,Krill,Krill,100,1,1,!!!,Powerful,Powerful Hookset,Yes,Yes,Yes,Yes,Yes,No,Rain,Rain,Showers,Showers,,,,4,,,,,Yes,No,No,No,No,No,No,Yes,Yes,No,No,No,No
Bloodbrine,The Bloodbrine Sea,I!Bareface,Bareface,I!素面,I!민낯문어,,8 - 15,,,,,,,,,Krill,Krill,326,1,1,!!!,Powerful,Powerful Hookset,Yes,Yes,Yes,Yes,Yes,Yes,Rain,Rain,Showers,Showers,,,,4,,,,"(60s) x1 <img class=""iconMini"" src=""../img/fish/Sunken Mask.png"" alt=""Sunken Mask"" data-bs-toggle=""tooltip"" data-bs-trigger=""hover"" data-bs-title=""Sunken Mask"" tabindex=""0"">",No,No,No,No,No,No,No,Yes,Yes,No,No,No,No
Bloodbrine,The Bloodbrine Sea,Oracular Crab,Oracular Crab,神谕蟹,제사장게,2 - 3,2 - 3,2 - 3,4 - 6,,,Pill Bug,Pill Bug,,,Ragworm,Ragworm,102,4,7,!,Precision,Precision Hookset,,,,,,,,,,,Yes,No,No,4,C,Crab,Crab,,No,No,No,No,No,No,No,No,No,Yes,No,No,No
Bloodbrine,The Bloodbrine Sea,Dravanian Bream,Dravanian Bream,龙堡鲷鱼,드라바니아 도미,3 - 4,3 - 4,3 - 4,5 - 7,,,Pill Bug,Pill Bug,,,Krill,Krill,77,2,3,!,Precision,Precision Hookset,,,,,,,,,,,Yes,Yes,Yes,4,,,,,No,No,No,No,No,No,No,Yes,Yes,Yes,No,No,No
Bloodbrine,The Bloodbrine Sea,Skaldminni,Skaldminni,余韵,시인의 추억,,4.5 - 8,,7 - 10,,,Pill Bug,Pill Bug,,,Krill,Krill,102,4,7,!!,Powerful,Powerful Hookset,,,,,,,,,,,No,No,Yes,4,,Manta,Manta,,No,No,No,No,No,No,No,No,Yes,No,No,No,No
Bloodbrine,The Bloodbrine Sea,Serrated Clam,Serrated Clam,锯齿蛤蜊,톱니조개,3 - 4,3 - 4,3 - 4,5 - 7,3 - 4,,Pill Bug,Pill Bug,,,Ragworm,Ragworm,74,2,3,!,Precision,Precision Hookset,,,,,,,,,,,Yes,Yes,Yes,4,,,,,No,No,No,No,No,No,No,Yes,Yes,Yes,No,No,No
Bloodbrine,The Bloodbrine Sea,T!Beatific Vision,Beatific Vision,T!幸福愿景,T!지복직관어,2 - 3,2 - 3,2 - 3,5 - 7,2 - 3,,Pill Bug,Pill Bug,,,Pill Bug,Pill Bug,77,4,7,!!,Powerful,Powerful Hookset,,,,,,,,,,,Yes,Yes,Yes,4,,,,,Yes,No,No,No,No,No,No,Yes,Yes,Yes,No,No,No
Bloodbrine,The Bloodbrine Sea,Exterminator,Exterminator,歼灭者,몰살게,5.5 - 8,,,8 - 10,,,Pill Bug,Pill Bug,,,Ragworm,Ragworm,255,4,7,!,Precision,Precision Hookset,,,,,,,,,,,Yes,No,No,4,C,Crab,Crab,,No,No,No,No,No,No,No,No,No,Yes,No,No,No
Bloodbrine,The Bloodbrine Sea,Gory Tuna,Gory Tuna,血玉金枪鱼,유혈참치,3 - 4,3 - 4,3 - 4,6 - 8,3 - 4,,Pill Bug,Pill Bug,,,Plump Worm,Plump Worm,92,2,3,!!,Powerful,Powerful Hookset,,,,,,,,,,,Yes,Yes,Yes,4,,,,,No,No,No,No,No,No,No,Yes,Yes,Yes,No,No,No
Bloodbrine,The Bloodbrine Sea,Ticinepomis,Ticinepomis,八鳍腔棘鱼,티키네포미스,3 - 4,3 - 4,3 - 4,5 - 7,3 - 4,,Pill Bug,Pill Bug,,,Plump Worm,Plump Worm,92,2,3,!!!,Powerful,Powerful Hookset,,,,,,,,,,,Yes,Yes,Yes,4,,,,,Yes,No,No,No,No,No,No,Yes,Yes,Yes,No,No,No
Bloodbrine,The Bloodbrine Sea,Quartz Hammerhead,Quartz Hammerhead,石英锤头鲨,수정 망치상어,,,7 - 9,9 - 11,,,Pill Bug,Pill Bug,,,Plump Worm,Plump Worm,460,2,3,!!!,Powerful,Powerful Hookset,,,,,,,,,,,Yes,Yes,Yes,4,,Shark,Shark,,No,No,No,No,No,No,No,Yes,Yes,Yes,No,No,No
Bloodbrine,The Bloodbrine Sea,F!Seafaring Toad,Seafaring Toad,F!海洋蟾蜍,F!바다개구리,,,,,9 - 12,,Pill Bug,Pill Bug,,,Pill Bug,Pill Bug,500,1,1,!!!,Precision,Precision Hookset,,,,,,,,,,,Yes,No,No,5,,,,"(15s) x3 <img class=""iconMini"" src=""../img/fish/Beatific Vision.png"" alt=""Beatific Vision"" data-bs-toggle=""tooltip"" data-bs-trigger=""hover"" data-bs-title=""Beatific Vision"" tabindex=""0"">",Yes,No,No,No,No,No,No,No,No,Yes,No,No,No
Rothlyt,The Rothlyt Sound,Crow Puffer,Crow Puffer,暗鸦鲀,까마귀복,3 - 6,3 - 6,3 - 6,5 - 9,,,,,,,Ragworm,Ragworm,10,2,3,!,Precision,Precision Hookset,Yes,Yes,Yes,Yes,Yes,Yes,Thunder,Thunder,Thunderstorms,Thunderstorms,,,,1,F,Fugu,Fugu,,Yes,No,No,No,No,No,No,No,No,No,Yes,Yes,Yes
Rothlyt,The Rothlyt Sound,T!Rothlyt Kelp,Rothlyt Kelp,T!罗斯利特海带,T!로들리트 미역,6 - 11,6 - 11,6 - 11,8 - 14,,,,,,,Ragworm,Ragworm,10,3 - 4,5 - 7,!,Precision,Precision Hookset,Yes,Yes,Yes,Yes,Yes,Yes,Thunder,Thunder,Thunderstorms,Thunderstorms,,,,1,,,,,Yes,No,No,No,No,No,No,No,No,No,Yes,Yes,Yes
Rothlyt,The Rothlyt Sound,Living Lantern,Living Lantern,鬼灯水母,꽈리해파리,6 - 11,6 - 11,6 - 11,9 - 13,,,,,,,Krill,Krill,13,2,3,!!,Powerful,Powerful Hookset,Yes,Yes,Yes,No,No,Yes,Thunder,Thunder,Thunderstorms,Thunderstorms,,,,1,,Jellyfish,Jellyfish,,Yes,No,No,No,No,No,No,No,No,No,Yes,Yes,Yes
Rothlyt,The Rothlyt Sound,Honeycomb Fish,Honeycomb Fish,蜂巢鱼,벌집고기,12 - 23,17 - 28,17 - 28,17 - 27,,,,,,,Ragworm,Ragworm,29,4,7,!,Precision,Precision Hookset,Yes,Yes,Yes,Yes,Yes,Yes,Thunder,Thunder,Thunderstorms,Thunderstorms,,,,2,F,Fugu,Fugu,,No,No,No,No,No,No,No,No,No,No,Yes,Yes,Yes
Rothlyt,The Rothlyt Sound,Godsbed,Godsbed,海神的睡床,해신의 침대,17 - 28,17 - 28,12 - 23,17 - 28,,,,,,,Plump Worm,Plump Worm,29,2,3,!!,Powerful,Powerful Hookset,Yes,No,No,Yes,Yes,Yes,Thunder,Thunder,Thunderstorms,Thunderstorms,,,,2,,,,,No,No,No,No,No,No,No,No,No,No,Yes,Yes,Yes
Rothlyt,The Rothlyt Sound,Lansquenet,Lansquenet,雇佣兵,용병어,15 - 25,15 - 25,11 - 20,15 - 25,,,,,,,Plump Worm,Plump Worm,36,2,3,!!,Powerful,Powerful Hookset,Yes,Yes,Yes,Yes,No,Yes,Thunder,Thunder,Thunderstorms,Thunderstorms,,,,2,,,,,No,No,No,No,No,No,No,No,No,No,Yes,Yes,Yes
Rothlyt,The Rothlyt Sound,Thavnairian Shark,Thavnairian Shark,萨维奈鲨鱼,사베네어 상어,12 - 17,12 - 17,12 - 17,12 - 17,,,,,,,Krill,Krill,44,2,3,!!!,Powerful,Powerful Hookset,Yes,Yes,Yes,Yes,Yes,Yes,Thunder,Thunder,Thunderstorms,Thunderstorms,,,,3,,Shark,Shark,,No,No,No,No,No,No,No,No,No,No,Yes,Yes,Yes
Rothlyt,The Rothlyt Sound,Nephrite Eel,Nephrite Eel,翡翠软玉鳗,연옥장어,15 - 24,15 - 24,15 - 24,15 - 24,,,,,,,Krill,Krill,44,2,3,!!,Powerful,Powerful Hookset,Yes,Yes,Yes,Yes,Yes,Yes,Thunder,Thunder,Thunderstorms,Thunderstorms,,,,3,,,,,No,No,No,No,No,No,No,No,No,No,Yes,Yes,Yes
Rothlyt,The Rothlyt Sound,Spectresaur,Spectresaur,幻光鱼龙,유령 사우루스,15 - 24,15 - 24,15 - 24,16 - 24,,,,,,,Plump Worm,Plump Worm,100,1,1,!!!,Powerful,Powerful Hookset,Yes,Yes,Yes,Yes,Yes,No,Thunder,Thunder,Thunderstorms,Thunderstorms,,,,4,,,,,Yes,No,No,No,No,No,No,No,No,No,Yes,Yes,Yes
Rothlyt,The Rothlyt Sound,I!Ginkgo Fin,Ginkgo Fin,I!银杏鱼,I!은행나무어,11 - 18,,,,,,,,,,Ragworm,Ragworm,238,1,1,!!!,Precision,Precision Hookset,Yes,Yes,Yes,Yes,Yes,Yes,Thunder,Thunder,Thunderstorms,Thunderstorms,,,,4,,,,"(60s) x3 <img class=""iconMini"" src=""../img/fish/Rothlyt Kelp.png"" alt=""Rothlyt Kelp"" data-bs-toggle=""tooltip"" data-bs-trigger=""hover"" data-bs-title=""Rothlyt Kelp"" tabindex=""0"">",No,No,No,No,No,No,No,No,No,No,Yes,Yes,Yes
Rothlyt,The Rothlyt Sound,Garum Jug,Garum Jug,鱼酱罐,젓갈통고기,2 - 3,2 - 3,2 - 3,4 - 6,,,,,,,Ragworm,Ragworm,107,4,7,!,Precision,Precision Hookset,,,,,,,,,,,Yes,No,Yes,4,F,Fugu,Fugu,,No,No,No,No,No,No,No,No,No,No,No,Yes,Yes
Rothlyt,The Rothlyt Sound,Smooth Jaguar,Smooth Jaguar,海猎豹,표범장어,3 - 4,3 - 4,3 - 4,5 - 7,,3 - 4,,,M!Rothlyt Mussel,Rothlyt Mussel,Plump Worm,Plump Worm,70,2,3,!!,Powerful,Powerful Hookset,,,,,,,,,,,Yes,Yes,Yes,4,,,,,No,No,No,No,No,No,No,No,No,No,Yes,Yes,Yes
Rothlyt,The Rothlyt Sound,M!Rothlyt Mussel,Rothlyt Mussel,M!罗斯利特贝,M!로들리트 홍합,3 - 4,3 - 4,3 - 4,5 - 7,,,,,,,Ragworm,Ragworm,72,2,3,!,Precision,Precision Hookset,,,,,,,,,,,Yes,Yes,Yes,4,,,,,Yes,No,No,No,No,No,No,No,No,No,Yes,Yes,Yes
Rothlyt,The Rothlyt Sound,Levi Elver,Levi Elver,利维幼鳗,리바치어선,2 - 3,2 - 3,2 - 3,4 - 6,,2 - 3,,,M!Rothlyt Mussel,Rothlyt Mussel,Krill,Krill,75,2,3,!!,Powerful,Powerful Hookset,,,,,,,,,,,Yes,Yes,Yes,4,,,,,No,No,No,No,No,No,No,No,No,No,Yes,Yes,Yes
Rothlyt,The Rothlyt Sound,Pearl Bombfish,Pearl Bombfish,珍珠爆弹,진주복,,5 - 6,,7 - 9,,,,,,,Krill,Krill,237,4,7,!!,Powerful,Powerful Hookset,,,,,,,,,,,Yes,No,Yes,4,F,Fugu,Fugu,,No,No,No,No,No,No,No,No,No,No,No,Yes,Yes
Rothlyt,The Rothlyt Sound,T!Trollfish,Trollfish,T!巨魔鱼,T!볏지느러미,,,,,,3.5 - 6,,,M!Rothlyt Mussel,Rothlyt Mussel,M!Rothlyt Mussel,Rothlyt Mussel,202,2,3,!,Precision,Precision Hookset,,,,,,,,,,,Yes,Yes,Yes,4,,,,,Yes,No,No,No,No,No,No,No,No,No,Yes,Yes,Yes
Rothlyt,The Rothlyt Sound,Panoptes,Panoptes,潘诺普忒斯,파놉테스,,,4.5 - 8,7 - 11,,7 - 11,,,M!Rothlyt Mussel,Rothlyt Mussel,Plump Worm,Plump Worm,125,4,7,!!,Powerful,Powerful Hookset,,,,,,,,,,,Yes,No,No,4,,Manta,Manta,,No,No,No,No,No,No,No,No,No,No,No,No,Yes
Rothlyt,The Rothlyt Sound,Crepe Sole,Crepe Sole,金鞋底,황금밑창,4.5 - 8,4.5 - 8,4.5 - 8,7 - 11,,,,,,,Ragworm,Ragworm,72,2,3,!,Precision,Precision Hookset,,,,,,,,,,,Yes,Yes,Yes,4,,,,,Yes,No,No,No,No,No,No,No,No,No,Yes,Yes,Yes
Rothlyt,The Rothlyt Sound,Knifejaw,Knifejaw,刀颚鱼,칼턱주가리,,7 - 9,,9 - 11,,,,,,,Krill,Krill,465,2,3,!!,Powerful,Powerful Hookset,,,,,,,,,,,Yes,Yes,Yes,4,,,,,No,No,No,No,No,No,No,No,No,No,Yes,Yes,Yes
Rothlyt,The Rothlyt Sound,I!Placodus,Placodus,I!盾齿龙,I!플라코두스,,,,,,9 - 12,,,M!Rothlyt Mussel,Rothlyt Mussel,M!Rothlyt Mussel,Rothlyt Mussel,500,1,1,!!!,Powerful,Powerful Hookset,,,,,,,,,,,No,Yes,No,5,,,,"(45s) x1 <img class=""iconMini"" src=""../img/fish/Trollfish.png"" alt=""Trollfish"" data-bs-toggle=""tooltip"" data-bs-trigger=""hover"" data-bs-title=""Trollfish"" tabindex=""0"">",Yes,No,No,No,No,No,No,No,No,No,Yes,No,No