Stop,Fish,FishTranslated,BaitRagworm,BaitKrill,BaitPlumpWorm,BaitVersatileLure,BaitSpecial,BaitMooch,BaitSpecialType,BaitSpecialTypeTranslated,BaitMoochType,BaitMoochTypeTranslated,BestBait,BestBaitTranslated,Points,DH,TH,Bite,Hookset,hooksetName,WeatherFairSkies,WeatherClouds,WeatherFog,WeatherSpecial1,WeatherSpecial2,WeatherClearSkies,WeatherSpecial1Type,WeatherSpecial1TypeTranslated,WeatherSpecial2Type,WeatherSpecial2TypeTranslated,TimeFrameDay,TimeFrameSunset,TimeFrameNight,Stars,Mission,Species,SpeciesTranslated,Intuition,FabledTable,Route1,Route2,Route3,Route4,Route5,Route6,Route7,Route8,Route9,Route10,Route11,Route12
Galadion,Galadion Goby,Galadion-Grundel,4 - 8,4 - 8,4 - 8,6 - 12,,,,,,,Ragworm,Steinwurm,10,2,3,!,Precision,Präziser Anschlag,Yes,Yes,Yes,Yes,Yes,Yes,Rain,Regnerisch,Showers,Wolkenbruch,,,,1,,,,,Yes,Yes,Yes,Yes,Yes,Yes,Yes,No,No,No,No,No,No
Galadion,T!Galadion Chovy,Galadion-Sardelle,6 - 11,6 - 11,6 - 11,8 - 14,,,,,,,Krill,Krill,11,2,3,!,Precision,Präziser Anschlag,Yes,Yes,Yes,Yes,Yes,Yes,Rain,Regnerisch,Showers,Wolkenbruch,,,,1,,,,,Yes,Yes,Yes,Yes,Yes,Yes,Yes,No,No,No,No,No,No
Galadion,Leopard Eel,Leopard-Aal,9 - 17,9 - 17,9 - 17,12 - 19,,,,,,,Plump Worm,Dickwurm,14,2,3,!!,Powerful,Fester Anschlag,Yes,Yes,Yes,No,No,Yes,Rain,Regnerisch,Showers,Wolkenbruch,,,,1,,,,,No,Yes,Yes,Yes,Yes,Yes,Yes,No,No,No,No,No,No
Galadion,Jasperhead,Jaspis,15 - 24,10 - 19,15 - 24,15 - 25,,,,,,,Krill,Krill,40,2,3,!!,Powerful,Fester Anschlag,Yes,No,No,Yes,Yes,Yes,Rain,Regnerisch,Showers,Wolkenbruch,,,,2,,,,,No,Yes,Yes,Yes,Yes,Yes,Yes,No,No,No,No,No,No
Galadion,Tarnished Shark,Matthai,20 - 37,20 - 37,15 - 32,20 - 37,,,,,,,Plump Worm,Dickwurm,34,2,3,!!!,Powerful,Fester Anschlag,Yes,Yes,Yes,Yes,No,Yes,Rain,Regnerisch,Showers,Wolkenbruch,,,,2,S,Shark,Hai,,Yes,Yes,Yes,Yes,Yes,Yes,Yes,No,No,No,No,No,No
Galadion,Rosy Bream,Rosenbrasse,12 - 18 ,7 - 13,12 - 18,12 - 18,,,,,,,Krill,Krill,34,3 - 4,5 - 7,!,Precision,Präziser Anschlag,Yes,Yes,Yes,Yes,Yes,Yes,Rain,Regnerisch,Showers,Wolkenbruch,,,,2,,,,,No,Yes,Yes,Yes,Yes,Yes,Yes,No,No,No,No,No,No
Galadion,Cyan Octopus,Zyan-Oktopus,17 - 28,17 - 28,17 - 28,17 - 28,,,,,,,Krill,Krill,59,4,7,!!,Powerful,Fester Anschlag,Yes,Yes,Yes,Yes,Yes,Yes,Rain,Regnerisch,Showers,Wolkenbruch,,,,3,,Octopus,Oktopus,,No,Yes,Yes,Yes,Yes,Yes,Yes,No,No,No,No,No,No
Galadion,Heavenswimmer,Himmelsfisch,15 - 25,15 - 25,15 - 25,16 - 25,,,,,,,Ragworm,Steinwurm,50,2,3,!,Precision,Präziser Anschlag,Yes,Yes,Yes,Yes,Yes,Yes,Rain,Regnerisch,Showers,Wolkenbruch,,,,3,,,,,No,Yes,Yes,Yes,Yes,Yes,Yes,No,No,No,No,No,No
Galadion,Spectral Megalodon,Spektral-Megalodon,20 - 37,20 - 37,20 - 37,21 - 37,,,,,,,Krill,Krill,100,1,1,!!!,Powerful,Fester Anschlag,Yes,Yes,Yes,Yes,Yes,No,Rain,Regnerisch,Showers,Wolkenbruch,,,,4,,,,,Yes,Yes,Yes,Yes,Yes,Yes,Yes,No,No,No,No,No,No
Galadion,I!Drunkfish,Trunkenbold,,15 - 28,,,,,,,,,Krill,Krill,253,1,1,!!!,Powerful,Fester Anschlag,Yes,Yes,Yes,Yes,Yes,Yes,Rain,Regnerisch,Showers,Wolkenbruch,,,,4,,,,"(60s) x3 <img class=""iconMini"" src=""../img/fish/Galadion Chovy.png"" alt=""Galadion-Sardelle"" data-bs-toggle=""tooltip"" data-bs-trigger=""hover"" data-bs-title=""Galadion-Sardelle"" tabindex=""0"">",No,Yes,Yes,Yes,Yes,Yes,Yes,No,No,No,No,No,No
Galadion,Merman's Mane,Mama Haarlos,2 - 3,2 - 3,2 - 3,4 - 6,4 - 6,,Glowworm,Glühwürmchen,,,Krill,Krill,94,4,7,!!,Powerful,Fester Anschlag,,,,,,,,,,,Yes,Yes,Yes,4,,Octopus,Octopus,,No,Yes,Yes,Yes,Yes,Yes,Yes,No,No,No,No,No,No
Galadion,T!Heavenskey,Himmelspforte,2 - 3,2 -3 ,2 - 3,4 - 6,2 - 3,,Glowworm,Glühwürmchen,,,Ragworm,Steinwurm,67,2,3,!,Precision,Präziser Anschlag,,,,,,,,,,,Yes,Yes,Yes,4,,,,,Yes,Yes,Yes,Yes,Yes,Yes,Yes,No,No,No,No,No,No
Galadion,Ghost Shark,Geisterhai,3 - 4,3 - 4,3 - 4,5 - 7,5 - 7,,Glowworm,Glühwürmchen,,,Plump Worm,Dickwurm,78,4,7,!!,Powerful,Fester Anschlag,,,,,,,,,,,Yes,Yes,Yes,4,S,Shark,Hai,,No,Yes,Yes,Yes,Yes,Yes,Yes,No,No,No,No,No,No
Galadion,Fishmonger,Fischhändler,4.5 - 8,4.5 - 8,4.5 - 8,5 - 10,4.5 - 8,,Glowworm,Glühwürmchen,,,Plump Worm,Dickwurm,78,2,3,!!,Powerful,Fester Anschlag,,,,,,,,,,,Yes,Yes,Yes,4,,,,,No,Yes,Yes,Yes,Yes,Yes,Yes,No,No,No,No,No,No
Galadion,T!Navigator's Print,Llymlaens Mal,3 - 4,3 - 4,3 - 4,5 - 7,3 - 4,,Glowworm,Glühwürmchen,,,Krill,Krill,71,2,3,!,Precision,Präziser Anschlag,,,,,,,,,,,Yes,Yes,Yes,4,,,,,Yes,Yes,Yes,Yes,Yes,Yes,Yes,No,No,No,No,No,No
Galadion,Casket Oyster,Nagelauster,7 - 11,,,9 - 13,,,Glowworm,Glühwürmchen,,,Ragworm,Steinwurm,222,2,3,!,Precision,Präziser Anschlag,,,,,,,,,,,Yes,No,No,4,,,,,No,Yes,No,No,No,Yes,No,No,No,No,No,No,No
Galadion,Quicksilver Blade,Quecksilberklinge,,,5 - 7,6 - 8,,,Glowworm,Glühwürmchen,,,Plump Worm,Dickwurm,213,2,3,!!,Powerful,Fester Anschlag,,,,,,,,,,,No,Yes,No,4,S,Shark,Hai,,No,No,Yes,No,No,No,Yes,No,No,No,No,No,No
Galadion,Funnel Shark,Trichterhai,,,7 - 11,9 - 12,,,Glowworm,Glühwürmchen,,,Plump Worm,Dickwurm,213,4,7,!!!,Powerful,Fester Anschlag,,,,,,,,,,,No,Yes,No,4,S,Shark,Hai,,No,No,Yes,No,No,No,Yes,No,No,No,No,No,No
Galadion,Nimble Dancer,Wellentänzer,12 - 16,,,14 - 18,,,Glowworm,Glühwürmchen,,,Ragworm,Steinwurm,444,2,3,!,Precision,Präziser Anschlag,,,,,,,,,,,Yes,No,No,4,,,,,No,Yes,No,No,No,Yes,No,No,No,No,No,No,No
Galadion,F!Sothis,Sotis,,,,,9 - 12,,Glowworm,Glühwürmchen,,,Glowworm,Glühwürmchen,500,1,1,!!!,Powerful,Fester Anschlag,,,,,,,,,,,No,No,Yes,5,,,,"(15s) x2 <img class=""iconMini"" src=""../img/fish/Heavenskey.png"" alt=""Himmelspforte"" data-bs-toggle=""tooltip"" data-bs-trigger=""hover"" data-bs-title=""Himmelspforte"" tabindex=""0""> + x1 <img class=""iconMini"" src=""../img/fish/Navigator_s Print.png"" alt=""Llymlaens Mal"" data-bs-toggle=""tooltip"" data-bs-trigger=""hover"" data-bs-title=""Llymlaens Mal"" tabindex=""0"">",Yes,No,No,Yes,Yes,No,No,No,No,No,No,No,No
Southern,M!Ghoul Barracuda,Ghoul-Barrakuda,4 - 8,4 - 8,4 - 8,7 - 11,,,,,,,Krill,Krill,10,2,3,!!,Powerful,Fester Anschlag,Yes,Yes,Yes,No,No,Yes,Wind,Windig ,Gales,Stürmisch,,,,1,,,,,Yes,Yes,Yes,Yes,Yes,Yes,Yes,No,No,No,No,No,No
Southern,La Noscean Jelly,La-Noscea-Qualle,2 - 5,2 - 5,2 - 5,5 - 8,,,,,,,Ragworm,Steinwurm,10,3 - 4,5 - 7,!,Precision,Präziser Anschlag,Yes,Yes,Yes,Yes,Yes,Yes,Wind,Windig ,Gales,Stürmisch,,,,1,J,Jellyfish,Qualle,,Yes,Yes,Yes,Yes,Yes,Yes,Yes,No,No,No,No,No,No
Southern,Sunfly,Sonnenschmetterling,5 - 9,5 - 9,5 - 9,8 - 12,,,,,,,Ragworm,Steinwurm,10,2,3,!,Precision,Präziser Anschlag,Yes,Yes,Yes,Yes,Yes,Yes,Wind,Windig ,Gales,Stürmisch,,,,1,,,,,Yes,Yes,Yes,Yes,Yes,Yes,Yes,No,No,No,No,No,No
Southern,Marine Bomb,Hochseebomber,5 - 9,5 - 9,9 - 14,9 - 14,,,,,,,Krill,Krill,27,2,3,!,Precision,Präziser Anschlag,Yes,Yes,Yes,Yes,Yes,Yes,Wind,Windig ,Gales,Stürmisch,,,,2,,Fugu,Kugelfisch,,No,Yes,Yes,Yes,Yes,Yes,Yes,No,No,No,No,No,No
Southern,Shaggy Seadragon,Zotteliger Seedrache,9 - 16,14 - 22,14 - 22,14 - 22,,,,,,,Ragworm,Steinwurm,35,4,7,!,Precision,Präziser Anschlag,Yes,No,No,Yes,Yes,Yes,Wind,Windig ,Gales,Stürmisch,,,,2,,Seadragon,Seepferdchen,,No,Yes,Yes,Yes,Yes,Yes,Yes,No,No,No,No,No,No
Southern,Momora Mora,Momora Mora,13 - 21,13 - 21,8 - 17,13 - 21,,8 - 17,,,M!Ghoul Barracuda,Ghoul-Barrakuda,Plump Worm,Dickwurm,22,2,3,!!!,Powerful,Fester Anschlag,Yes,Yes,Yes,Yes,Yes,Yes,Wind,Windig ,Gales,Stürmisch,,,,2,,,,,Yes,Yes,Yes,Yes,Yes,Yes,Yes,No,No,No,No,No,No
Southern,Merlthor Butterfly,Merlthor-Schmetterling,17 - 28,17 - 28,17 - 28,18 - 28,,,,,,,Ragworm,Steinwurm,51,2,3,!,Precision,Präziser Anschlag,Yes,Yes,Yes,Yes,Yes,Yes,Wind,Windig ,Gales,Stürmisch,,,,3,,,,,No,Yes,Yes,Yes,Yes,Yes,Yes,No,No,No,No,No,No
Southern,T!Gladius,Gladius,,,,,,7 - 14,,,M!Ghoul Barracuda,Ghoul-Barrakuda,M!Ghoul Barracuda,Ghoul-Barrakuda,49,2,3,!!,Powerful,Fester Anschlag,Yes,Yes,Yes,Yes,Yes,Yes,Wind,Windig ,Gales,Stürmisch,,,,3,,,,,No,Yes,Yes,Yes,Yes,Yes,Yes,No,No,No,No,No,No
Southern,Spectral Discus,Spektral-Diskusfisch,19 - 34,21 - 37,21 - 37,21 - 37,,,,,,,Krill,Krill,100,1,1,!!!,Precision,Präziser Anschlag,Yes,Yes,Yes,Yes,Yes,No,Wind,Windig ,Gales,Stürmisch,,,,4,,,,,Yes,Yes,Yes,Yes,Yes,Yes,Yes,No,No,No,No,No,No
Southern,I!Little Leviathan,Kleiner Leviathan,,,16 - 28,,,,,,,,Plump Worm,Dickwurm,204,1,1,!!!,Powerful,Fester Anschlag,Yes,Yes,Yes,Yes,Yes,Yes,Wind,Windig ,Gales,Stürmisch,,,,4,,,,"(60s) x1 <img class=""iconMini"" src=""../img/fish/Gladius.png"" alt=""Gladius"" data-bs-toggle=""tooltip"" data-bs-trigger=""hover"" data-bs-title=""Gladius"" tabindex=""0"">",No,Yes,Yes,Yes,Yes,Yes,Yes,No,No,No,No,No,No
Southern,Sea Nettle,Seenessel,6 - 8,,,7 - 9,,,Shrimp Cage Feeder,Garnelenkäfig-Köder,,,Ragworm,Steinwurm,156,4,7,!,Precision,Präziser Anschlag,,,,,,,,,,,No,Yes,No,4,J,Jellyfish,Qualle,,No,No,No,Yes,No,Yes,No,No,No,No,No,No,No
Southern,T!Great Grandmarlin,Königsmarlin,,,,,,2 - 3,Shrimp Cage Feeder,Garnelenkäfig-Köder,M!Hi-aetherlouse,Große Ätherlaus,M!Hi-aetherlouse,Große Ätherlaus,127,2,3,!!,Powerful,Fester Anschlag,,,,,,,,,,,Yes,Yes,Yes,4,,,,,Yes,Yes,Yes,Yes,Yes,Yes,Yes,No,No,No,No,No,No
Southern,Shipwreck's Sail,Treibholzgleiter,2 - 3,2 - 3,2 - 3,4 - 6,2 - 3,4 - 6,Shrimp Cage Feeder,Garnelenkäfig-Köder,M!Hi-aetherlouse,Große Ätherlaus,Plump Worm,Dickwurm,59,2,3,!!,Powerful,Fester Anschlag,,,,,,,,,,,Yes,Yes,Yes,4,,,,,No,Yes,Yes,Yes,Yes,Yes,Yes,No,No,No,No,No,No
Southern,Charlatan Survivor,Scharlatanschere,3 - 4,3 - 4,3 - 4,5 - 8,3 - 4,,Shrimp Cage Feeder,Garnelenkäfig-Köder,,,Krill,Krill,69,2,3,!,Precision,Präziser Anschlag,,,,,,,,,,,Yes,Yes,Yes,4,,,,,No,Yes,Yes,Yes,Yes,Yes,Yes,No,No,No,No,No,No
Southern,M!Hi-aetherlouse,Große Ätherlaus,3 - 4,3 - 4,3 - 4,5 - 7,3 - 4,,Shrimp Cage Feeder,Garnelenkäfig-Köder,,,Ragworm,Steinwurm,65,2,3,!,Precision,Präziser Anschlag,,,,,,,,,,,Yes,Yes,Yes,4,,,,,Yes,Yes,Yes,Yes,Yes,Yes,Yes,No,No,No,No,No,No
Southern,Azeyma's Sleeve,Azeyma-Schleier,3.5 - 6,3.5 - 6,3.5 - 6,6 - 9,3.5 - 6,,Shrimp Cage Feeder,Garnelenkäfig-Köder,,,Krill,Krill,69,2,3,!,Precision,Präziser Anschlag,,,,,,,,,,,Yes,Yes,Yes,4,,,,,No,Yes,Yes,Yes,Yes,Yes,Yes,No,No,No,No,No,No
Southern,Aetheric Seadragon,Ätherischer Seedrache,,,,,,3 - 6,Shrimp Cage Feeder,Garnelenkäfig-Köder,M!Hi-aetherlouse,Große Ätherlaus,M!Hi-aetherlouse,Große Ätherlaus,245,2,3,!!,Powerful,Fester Anschlag,,,,,,,,,,,No,No,Yes,4,,Seadragon,Seepferdchen,,No,Yes,No,No,No,No,Yes,No,No,No,No,No,No
Southern,Mythril Sovereign,Mithril-Souverän,,5 - 6,,7 - 9,,,Shrimp Cage Feeder,Garnelenkäfig-Köder,,,Krill,Krill,196,2,3,!!,Powerful,Fester Anschlag,,,,,,,,,,,Yes,No,No,4,,,,,No,No,Yes,No,Yes,No,No,No,No,No,No,No,No
Southern,Roguesaurus,Schurkosaurus,,,,,,3 - 4,Shrimp Cage Feeder,Garnelenkäfig-Köder,M!Hi-aetherlouse,Große Ätherlaus,M!Hi-aetherlouse,Große Ätherlaus,345,2,3,!!!,Powerful,Fester Anschlag,,,,,,,,,,,No,Yes,No,4,,,,,No,No,No,Yes,No,Yes,No,No,No,No,No,No,No
Southern,F!Coral Manta,Korallenmanta,,,,,9 - 12,,Shrimp Cage Feeder,Garnelenkäfig-Köder,,,Shrimp Cage Feeder,Garnelenkäfig-Köder,500,1,1,!!!,Powerful,Fester Anschlag,,,,,,,,,,,No,No,Yes,5,,,,"(15s) x2 <img class=""iconMini"" src=""../img/fish/Great Grandmarlin.png"" alt=""Königsmarlin"" data-bs-toggle=""tooltip"" data-bs-trigger=""hover"" data-bs-title=""Königsmarlin"" tabindex=""0"">",Yes,Yes,No,No,No,No,Yes,No,No,No,No,No,No
Northern,Floefish,Treibeisfisch,4 - 8,4 - 8,4 - 8,7 - 12,,,,,,,Ragworm,Steinwurm,13,2,3,!,Precision,Präziser Anschlag,Yes,Yes,Yes,No,No,Yes,Snow,Schnee,Blizzards,Schneesturm,,,,1,,,,,Yes,Yes,Yes,Yes,No,No,No,Yes,Yes,Yes,No,No,No
Northern,Megasquid,Megakalmar,6 - 10,6 - 10,6 - 10,8 - 14,,,,,,,Plump Worm,Dickwurm,11,2,3,!!,Powerful,Fester Anschlag,Yes,Yes,Yes,Yes,Yes,Yes,Snow,Schnee,Blizzards,Schneesturm,,,,1,,,,,Yes,Yes,Yes,Yes,No,No,No,Yes,Yes,Yes,No,No,No
Northern,Oschon's Stone,Tiefsee-Teufelsfisch,12 - 22,12 - 22,12 - 22,15 - 25,,15 - 25,,,M!Tossed Dagger,Wurfdolchfisch,Plump Worm,Dickwurm,11,2,3,!!,Powerful,Fester Anschlag,Yes,Yes,Yes,Yes,Yes,Yes,Snow,Schnee,Blizzards,Schneesturm,,,,1,,,,,Yes,Yes,Yes,Yes,No,No,No,Yes,Yes,Yes,No,No,No
Northern,M!Tossed Dagger,Wurfdolchfisch,7 - 14,12 - 18,12 - 18,10 - 16,,,,,,,Ragworm,Steinwurm,27,2,3,!,Precision,Präziser Anschlag,Yes,Yes,Yes,Yes,No,Yes,Snow,Schnee,Blizzards,Schneesturm,,,,2,,,,,Yes,Yes,Yes,Yes,No,No,No,Yes,Yes,Yes,No,No,No
Northern,Tripod Fish,Hochsee-Dreistachler,15 - 24,10 - 19,15 - 24,15 - 24,,,,,,,Krill,Krill,43,2,3,!,Precision,Präziser Anschlag,Yes,No,No,Yes,Yes,Yes,Snow,Schnee,Blizzards,Schneesturm,,,,2,,Fugu,Kugelfisch,,No,Yes,Yes,Yes,No,No,No,Yes,Yes,Yes,No,No,No
Northern,Net Crawler,Spinnenkrabbe,14 - 22,9 - 17,14 - 22,14 - 22,,,,,,,Krill,Krill,36,2,3,!!,Powerful,Fester Anschlag,Yes,Yes,Yes,Yes,Yes,Yes,Snow,Schnee,Blizzards,Schneesturm,,,,2,C,Crab,Krabbe,,No,Yes,Yes,Yes,No,No,No,Yes,Yes,Yes,No,No,No
Northern,Merlthor Lobster,Merlthor-Hummer,17 - 28,17 - 28,17 - 28,17 - 28,,,,,,,Krill,Krill,45,2,3,!,Precision,Präziser Anschlag,Yes,Yes,Yes,Yes,Yes,Yes,Snow,Schnee,Blizzards,Schneesturm,,,,3,,,,,No,Yes,Yes,Yes,No,No,No,Yes,Yes,Yes,No,No,No
Northern,T!Elder Dinichthys,Tiefsee-Dunkleosteus,,,,,,10 - 17,,,M!Tossed Dagger,Wurfdolchfisch,M!Tossed Dagger,Wurfdolchfisch,52,2,3,!!,Powerful,Fester Anschlag,Yes,Yes,Yes,Yes,Yes,Yes,Snow,Schnee,Blizzards,Schneesturm,,,,3,,,,,No,Yes,Yes,Yes,No,No,No,Yes,Yes,Yes,No,No,No
Northern,Spectral Sea Bo,Spektral-Seebo,20 - 36,20 - 36,20 - 36,25 - 39,,,,,,,Ragworm,Steinwurm,100,1,1,!!!,Precision,Präziser Anschlag,Yes,Yes,Yes,Yes,Yes,No,Snow,Schnee,Blizzards,Schneesturm,,,,4,,,,,Yes,Yes,Yes,Yes,No,No,No,Yes,Yes,Yes,No,No,No
Northern,I!Shooting Star,Meerschnuppe,16 - 28,,,,,,,,,,Ragworm,Steinwurm,226,1,1,!!!,Precision,Präziser Anschlag,Yes,Yes,Yes,Yes,Yes,Yes,Snow,Schnee,Blizzards,Schneesturm,,,,4,,,,"(60s) x1 <img class=""iconMini"" src=""../img/fish/Elder Dinichthys.png"" alt=""Tiefsee-Dunkleosteus"" data-bs-toggle=""tooltip"" data-bs-trigger=""hover"" data-bs-title=""Tiefsee-Dunkleosteus"" tabindex=""0"">",No,Yes,Yes,Yes,No,No,No,Yes,Yes,Yes,No,No,No
Northern,Hammerclaw,Hammer-Hummer,2 - 3,2 - 3,2 - 3,4 - 6,4 - 6,,Heavy Steel Jig,Schwerer Eisenköder,,,Krill,Krill,69,2,3,!,Precision,Präziser Anschlag,,,,,,,,,,,Yes,Yes,Yes,4,,,,,No,Yes,Yes,Yes,No,No,No,Yes,Yes,Yes,No,No,No
Northern,Coccosteus,Coccosteus,2 - 3,2 - 3,2 - 3,4 - 6,2 - 3,,Heavy Steel Jig,Schwerer Eisenköder,,,Plump Worm,Dickwurm,79,2,3,!!,Powerful,Fester Anschlag,,,,,,,,,,,Yes,Yes,Yes,4,,,,,No,Yes,Yes,Yes,No,No,No,Yes,Yes,Yes,No,No,No
Northern,Bartholomew the Chopper,Hans der Klipper,5 - 6,,,7 - 9,,,Heavy Steel Jig,Schwerer Eisenköder,,,Ragworm,Steinwurm,221,4,7,!,Precision,Präziser Anschlag,,,,,,,,,,,No,No,Yes,4,C,Crab,Krabbe,,No,No,Yes,No,No,No,No,No,No,Yes,No,No,No
Northern,Prowler,Tigerkatzendorsch,3 - 4,3 - 4,3 - 4,5 - 7,3 - 4,,Heavy Steel Jig,Schwerer Eisenköder,,,Ragworm,Steinwurm,79,2,3,!,Precision,Präziser Anschlag,,,,,,,,,,,Yes,Yes,Yes,4,,,,,No,Yes,Yes,Yes,No,No,No,Yes,Yes,Yes,No,No,No
Northern,Mopbeard,Tanzender Zupfbart,,5.5 - 8,,7 - 10,,,Heavy Steel Jig,Schwerer Eisenköder,,,Krill,Krill,198,4,7,!!,Powerful,Fester Anschlag,,,,,,,,,,,No,No,Yes,4,,Octopus,Oktopus,,No,No,Yes,No,No,No,No,No,No,Yes,No,No,No
Northern,Wild Urchin,Riesenseeigel,3.5 - 6,3.5 - 6,3.5 - 6,6 - 9,6 - 9,,Heavy Steel Jig,Schwerer Eisenköder,,,Ragworm,Steinwurm,79,2,3,!,Precision,Präziser Anschlag,,,,,,,,,,,Yes,Yes,Yes,4,,,,,No,Yes,Yes,Yes,No,No,No,Yes,Yes,Yes,No,No,No
Northern,T!Gugrusaurus,Gugrusaurus,4 - 8,4 - 8,4 - 8,7 - 10,4 - 8,,Heavy Steel Jig,Schwerer Eisenköder,,,Plump Worm,Dickwurm,79,3 - 4,5 - 7,!!!,Powerful,Fester Anschlag,,,,,,,,,,,Yes,Yes,Yes,4,,,,,Yes,Yes,Yes,Yes,No,No,No,Yes,Yes,Yes,No,No,No
Northern,Coral Seadragon,Korallenseedrache,7 - 11,,,8 - 12,,,Heavy Steel Jig,Schwerer Eisenköder,,,Ragworm,Steinwurm,189,4,7,!,Precision,Präziser Anschlag,,,,,,,,,,,No,Yes,No,4,,Seadragon,Seepferdchen,,No,Yes,No,No,No,No,No,No,Yes,No,No,No,No
Northern,The Fallen One,Der Gefallene,,7 - 10,,9 - 11,,,Heavy Steel Jig,Schwerer Eisenköder,,,Krill,Krill,374,2,3,!!,Powerful,Fester Anschlag,,,,,,,,,,,No,Yes,No,4,,,,,No,Yes,No,No,No,No,No,No,Yes,No,No,No,No
Northern,F!Elasmosaurus,Elasmosaurus,,,,,9 - 12,,Heavy Steel Jig,Schwerer Eisenköder,,,Heavy Steel Jig,Schwerer Eisenköder,500,1,1,!!!,Powerful,Fester Anschlag,,,,,,,,,,,Yes,No,No,5,,,,"(15s) x3 <img class=""iconMini"" src=""../img/fish/Gugrusaurus.png"" alt=""Gugrusaurus"" data-bs-tooltip=""popover"" data-bs-trigger=""hover"" data-bs-title=""Gugrusaurus"" tabindex=""0"">",Yes,No,No,Yes,No,No,No,Yes,No,No,No,No,No
Rhotano,Rhotano Wahoo,Rhotano-Makrele,6 - 11,6 - 11,6 - 11,9 - 14,,,,,,,Krill,Krill,13,2,3,!!,Powerful,Fester Anschlag,Yes,Yes,Yes,Yes,No,Yes,Dust Storms,Staubig,Heat Waves,Gluthitze,,,,1,,,,,Yes,No,No,No,Yes,Yes,Yes,No,No,No,Yes,Yes,Yes
Rhotano,Rhotano Sardine,Rhotano-Sardine,6 - 11,6 - 11,6 - 11,9 - 14,,,,,,,Ragworm,Steinwurm,10,2,3,!,Precision,Präziser Anschlag,Yes,Yes,Yes,Yes,Yes,Yes,Dust Storms,Staubig,Heat Waves,Gluthitze,,,,1,,,,,No,No,No,No,Yes,Yes,Yes,No,No,No,Yes,Yes,Yes
Rhotano,Deep Plaice,Tiefseescholle,7 - 12,7 - 12,7 - 12,9 - 15,,,,,,,Krill,Krill,15,2,3,!!,Powerful,Fester Anschlag,Yes,Yes,Yes,No,No,Yes,Dust Storms,Staubig,Heat Waves,Gluthitze,,,,1,,,,,Yes,No,No,No,Yes,Yes,Yes,No,No,No,Yes,Yes,Yes
Rhotano,T!Crimson Monkfish,Karmin-Anglerfisch,12 - 18,12 - 18,7 - 14,12 - 19,,,,,,,Plump Worm,Dickwurm,32,3 - 4,5 - 7,!!,Powerful,Fester Anschlag,Yes,Yes,Yes,Yes,Yes,Yes,Dust Storms,Staubig,Heat Waves,Gluthitze,,,,2,,,,,No,No,No,No,Yes,Yes,Yes,No,No,No,Yes,Yes,Yes
Rhotano,Chrome Hammerhead,Chrom-Hammerhai,20 - 33,20 - 33,15 - 28,20 - 33,,,,,,,Plump Worm,Dickwurm,32,4,7,!!!,Powerful,Fester Anschlag,Yes,Yes,Yes,Yes,Yes,Yes,Dust Storms,Staubig,Heat Waves,Gluthitze,,,,2,S,Shark,Hai,,Yes,No,No,No,Yes,Yes,Yes,No,No,No,Yes,Yes,Yes
Rhotano,Ogre Eel,Oger-Aal,13 - 20,13 - 20,8 - 15,13 - 20,,,,,,,Plump Worm,Dickwurm,38,2,3,!!,Powerful,Fester Anschlag,Yes,No,No,Yes,Yes,Yes,Dust Storms,Staubig,Heat Waves,Gluthitze,,,,2,,,,,No,No,No,No,Yes,Yes,Yes,No,No,No,Yes,Yes,Yes
Rhotano,Dark Nautilus,Finster-Perlboot,17 - 27,17 - 26,17 - 27,17 - 27,,,,,,,Krill,Krill,46,2,3,!,Precision,Präziser Anschlag,Yes,Yes,Yes,Yes,Yes,Yes,Dust Storms,Staubig,Heat Waves,Gluthitze,,,,3,,,,,No,No,No,No,Yes,Yes,Yes,No,No,No,Yes,Yes,Yes
Rhotano,Lampfish,Lampenfisch,11 - 16,11 - 16,11 - 16,11 - 16,,,,,,,Ragworm,Steinwurm,47,2,3,!,Precision,Präziser Anschlag,Yes,Yes,Yes,Yes,Yes,Yes,Dust Storms,Staubig,Heat Waves,Gluthitze,,,,3,F,Fugu,Kugelfisch,,No,No,No,No,Yes,Yes,Yes,No,No,No,Yes,Yes,Yes
Rhotano,Spectral Bass,Spektralbarsch,21 - 36,21 - 36,21 - 36,23 - 38,,,,,,,Plump Worm,Dickwurm,100,1,1,!!!,Powerful,Fester Anschlag,Yes,Yes,Yes,Yes,Yes,No,Dust Storms,Staubig,Heat Waves,Gluthitze,,,,4,,,,,Yes,No,No,No,Yes,Yes,Yes,No,No,No,Yes,Yes,Yes
Rhotano,I!Sabaton,Eisenfuß,,11 - 19,,,,,,,,,Krill,Krill,204,1,1,!!!,Precision,Präziser Anschlag,Yes,Yes,Yes,Yes,Yes,Yes,Dust Storms,Staubig,Heat Waves,Gluthitze,,,,4,,,,"(60s) x2 <img class=""iconMini"" src=""../img/fish/Crimson Monkfish.png"" alt=""Karmin-Anglerfisch"" data-bs-toggle=""popover"" data-bs-trigger=""hover"" data-bs-content=""Karmin-Anglerfisch"" tabindex=""0"">",No,No,No,No,Yes,Yes,Yes,No,No,No,Yes,Yes,Yes
Rhotano,Aronnax,Aronnax,2 - 3,2 - 3,2 - 3,4 - 6,2 - 3,,Rat Tail,Rattenschwanz,,,Krill,Krill,95,2,3,!,Precision,Präziser Anschlag,,,,,,,,,,,Yes,Yes,Yes,4,,,,,No,No,No,No,Yes,Yes,Yes,No,No,No,Yes,Yes,Yes
Rhotano,Sweeper,Fluffy,5 - 7,,5 - 7,7 - 8,,,Rat Tail,Rattenschwanz,,,Plump Worm,Dickwurm,216,2,3,!!,Powerful,Fester Anschlag,,,,,,,,,,,Yes,No,No,4,S,Shark,Hai,,No,No,No,No,No,No,Yes,No,No,No,Yes,No,No
Rhotano,T!Silencer,Schweigefisch,3 - 4,3 - 4,3 - 4,4 - 7,5 - 7,,Rat Tail,Rattenschwanz,,,Ragworm,Steinwurm,89,4,7,!,Precision,Präziser Anschlag,,,,,,,,,,,Yes,Yes,Yes,4,F,Fugu,Kugelfisch,,Yes,No,No,No,Yes,Yes,Yes,No,No,No,Yes,Yes,Yes
Rhotano,T!Deep-sea Eel,Tiefenaal,5 - 9,5 - 9,5 - 9,7 - 11,5 - 9,,Rat Tail,Rattenschwanz,,,Plump Worm,Dickwurm,81,2,3,!!,Powerful,Fester Anschlag,,,,,,,,,,,Yes,Yes,Yes,4,,,,,Yes,No,No,No,Yes,Yes,Yes,No,No,No,Yes,Yes,Yes
Rhotano,Executioner,Schiffshenker,,,6 - 9,8 - 12,,,Rat Tail,Rattenschwanz,,,Plump Worm,Dickwurm,216,4,7,!!!,Powerful,Fester Anschlag,,,,,,,,,,,Yes,No,No,4,S,Shark,Hai,,No,No,No,No,No,No,Yes,No,No,No,Yes,No,No
Rhotano,Floating Saucer,Treibender Tellerfisch,,7 - 11,,9 - 13,,,Rat Tail,Rattenschwanz,,,Krill,Krill,222,4,7,!,Precision,Präziser Anschlag,,,,,,,,,,,No,No,Yes,4,,Jellyfish,Qualle,,No,No,No,No,No,Yes,No,No,No,No,No,No,Yes
Rhotano,True Barramundi,Barramundi,3.5 - 6,3.5 - 6,3.5 - 6,5 - 9,3.5 - 6,,Rat Tail,Rattenschwanz,,,Krill,Krill,95,2,3,!!,Powerful,Fester Anschlag,,,,,,,,,,,Yes,Yes,Yes,4,,,,,No,No,No,No,Yes,Yes,Yes,No,No,No,Yes,Yes,Yes
Rhotano,Prodigal Son,Verlorener Sohn,3.5 - 6,3.5 - 6,3.5 - 6,5 - 9,3.5 - 6,,Rat Tail,Rattenschwanz,,,Krill,Krill,95,2,3,!!,Powerful,Fester Anschlag,,,,,,,,,,,Yes,Yes,Yes,4,,,,,No,No,No,No,Yes,Yes,Yes,No,No,No,Yes,Yes,Yes
Rhotano,Slipsnail,Schlangenfisch,5 - 7,,,6 - 9,,,Rat Tail,Rattenschwanz,,,Ragworm,Steinwurm,246,2,3,!,Precision,Präziser Anschlag,,,,,,,,,,,No,No,Yes,4,,,,,No,No,No,No,No,Yes,No,No,No,No,No,No,Yes
Rhotano,F!Stonescale,Felsenschuppe,,,,,9 - 13,,Rat Tail,Rattenschwanz,,,Rat Tail,Rattenschwanz,500,1,1,!!!,Powerful,Fester Anschlag,,,,,,,,,,,No,Yes,No,5,,,,"(15s) x1 <img class=""iconMini"" src=""../img/fish/Deep-sea Eel.png"" alt=""Tiefenaal"" data-bs-toggle=""tooltip"" data-bs-trigger=""hover"" data-bs-title=""Tiefenaal"" tabindex=""0""> + x1 <img class=""iconMini"" src=""../img/fish/Silencer.png"" alt=""Schweigefisch"" data-bs-toggle=""tooltip"" data-bs-trigger=""hover"" data-bs-title=""Schweigefisch"" tabindex=""0"">",Yes,No,No,No,Yes,No,No,No,No,No,No,Yes,No
Cieldalaes,Tortoiseshell Crab,Schildkrötkrabbe,6 - 12,6 - 12,6 - 12,8 - 15,,,,,,,Krill,Krill,10,2,3,!!,Powerful,Fester Anschlag,Yes,Yes,Yes,Yes,Yes,Yes,Thunder,Gewittrig,Thunderstorms,Gewitter,,,,1,C,Crab,Krabbe,,No,No,No,No,No,No,No,Yes,Yes,Yes,Yes,Yes,Yes
Cieldalaes,Lady's Cameo,Kamee der Edvya,12 - 22,12 - 22,12 - 22,14 - 26,,,,,,,Ragworm,Steinwurm,15,2,3,!,Precision,Präziser Anschlag,Yes,Yes,Yes,No,No,Yes,Thunder,Gewittrig,Thunderstorms,Gewitter,,,,1,,,,,Yes,No,No,No,No,No,No,Yes,Yes,Yes,Yes,Yes,Yes
Cieldalaes,T!Metallic Boxfish,Schillerbox,5 - 11,5 - 11,5 - 11,9 - 14,,,,,,,Ragworm,Steinwurm,9,2,3,!,Precision,Präziser Anschlag,Yes,Yes,Yes,Yes,Yes,Yes,Thunder,Gewittrig,Thunderstorms,Gewitter,,,,1,F,Fugu,Kugelfisch,,Yes,No,No,No,No,No,No,Yes,Yes,Yes,Yes,Yes,Yes
Cieldalaes,Goobbue Ray,Goobbue-Rochen,17 - 27,17 - 27,12 - 22,18 - 27,,,,,,,Plump Worm,Dickwurm,33,2,3,!!,Powerful,Fester Anschlag,Yes,Yes,Yes,Yes,Yes,Yes,Thunder,Gewittrig,Thunderstorms,Gewitter,,,,2,,Manta,Manta,,No,No,No,No,No,No,No,Yes,Yes,Yes,Yes,Yes,Yes
Cieldalaes,Watermoura,Wassermoura,14 - 22,9 - 17,14 - 22,14 - 22,,,,,,,Krill,Krill,41,2,3,!,Precision,Präziser Anschlag,Yes,Yes,Yes,Yes,No,Yes,Thunder,Gewittrig,Thunderstorms,Gewitter,,,,2,,,,,No,No,No,No,No,No,No,Yes,Yes,Yes,Yes,Yes,Yes
Cieldalaes,King Cobrafish,Königskobrafisch,9 - 12,9 - 12,5 - 8,9 - 12,,,,,,,Plump Worm,Dickwurm,39,2,3,!!!,Powerful,Fester Anschlag,Yes,No,No,Yes,Yes,Yes,Thunder,Gewittrig,Thunderstorms,Gewitter,,,,2,,,,,Yes,No,No,No,No,No,No,Yes,Yes,Yes,Yes,Yes,Yes
Cieldalaes,Mamahi-mahi,Mamahi-mahi,18 - 30,18 - 30,18 - 30,18 - 30,,,,,,,Plump Worm,Dickwurm,58,2,3,!!!,Powerful,Fester Anschlag,Yes,Yes,Yes,Yes,Yes,Yes,Thunder,Gewittrig,Thunderstorms,Gewitter,,,,3,,,,,Yes,No,No,No,No,No,No,Yes,Yes,Yes,Yes,Yes,Yes
Cieldalaes,Lavandin Remora,Lavandula-Schiffshalter,16 - 26,16 - 26,16 - 26,16 - 25,,,,,,,Krill,Krill,52,2,3,!,Precision,Präziser Anschlag,Yes,Yes,Yes,Yes,Yes,Yes,Thunder,Gewittrig,Thunderstorms,Gewitter,,,,3,,,,,No,No,No,No,No,No,No,Yes,Yes,Yes,Yes,Yes,Yes
Cieldalaes,Spectral Butterfly,Spektralschmetterling,12 - 18,12 - 18,12 - 18,13 - 20,,,,,,,Ragworm,Steinwurm,100,1,1,!!!,Precision,Präziser Anschlag,Yes,Yes,Yes,Yes,Yes,No,Thunder,Gewittrig,Thunderstorms,Gewitter,,,,4,,,,,Yes,No,No,No,No,No,No,Yes,Yes,Yes,Yes,Yes,Yes
Cieldalaes,I!Cieldalaes Geode,Himmlische Geode,,13 - 26,,,,,,,,,Krill,Krill,246,1,1,!!!,Powerful,Fester Anschlag,Yes,Yes,Yes,Yes,Yes,Yes,Thunder,Gewittrig,Thunderstorms,Gewitter,,,,4,,,,"(60s) x3 <img class=""iconMini"" src=""../img/fish/Metallic Boxfish.png"" alt=""Schillerbox"" data-bs-toggle=""tooltip"" data-bs-trigger=""hover"" data-bs-title=""Schillerbox"" tabindex=""0"">",No,No,No,No,No,No,No,Yes,Yes,Yes,Yes,Yes,Yes
Cieldalaes,Titanshell Crab,Titanschalenkrebs,2 - 3,2 - 3,2 - 3,4 - 6,4 - 6,,Squid Strip,Stückchen Tintenfisch,,,Krill,Krill,84,4,7,!!,Powerful,Fester Anschlag,,,,,,,,,,,Yes,Yes,Yes,4,C,Crab,Krabbe,,No,No,No,No,No,No,No,Yes,Yes,Yes,Yes,Yes,Yes
Cieldalaes,Mythril Boxfish,Mythril-Kofferfisch,2 - 3,2 - 3,2 - 3,4 - 6,4 - 6,,Squid Strip,Stückchen Tintenfisch,,,Ragworm,Steinwurm,64,4,7,!,Precision,Präziser Anschlag,,,,,,,,,,,Yes,Yes,Yes,4,F,Fugu,Kugelfisch,,No,No,No,No,No,No,No,Yes,Yes,Yes,Yes,Yes,Yes
Cieldalaes,T!Mistbeard's Cup,Rauschebarttasse,3 - 4,3 - 4,3 - 4,5 - 8,3 - 4,,Squid Strip,Stückchen Tintenfisch,,,Squid Strip,Stückchen Tintenfisch,84,2,3,!!,Powerful,Fester Anschlag,,,,,,,,,,,Yes,Yes,Yes,4,,,,,Yes,No,No,No,No,No,No,Yes,Yes,Yes,Yes,Yes,Yes
Cieldalaes,Anomalocaris Saron,Anomalocaris Saron,3.5 - 6,3.5 - 6,3.5 - 6,6 - 9,3.5 - 6,,Squid Strip,Stückchen Tintenfisch,,,Squid Strip,Stückchen Tintenfisch,84,2,3,!,Precision,Präziser Anschlag,,,,,,,,,,,Yes,Yes,Yes,4,,,,,No,No,No,No,No,No,No,Yes,Yes,Yes,Yes,Yes,Yes
Cieldalaes,Flaming Eel,Flammenaal,,6 - 9,,9 - 11,6 - 9,,Squid Strip,Stückchen Tintenfisch,,,Krill,Krill,198,2,3,!!,Powerful,Fester Anschlag,,,,,,,,,,,No,Yes,No,4,,,,,No,No,No,No,No,No,No,No,No,Yes,No,No,Yes
Cieldalaes,T!Jetborne Manta,Düsenmanta,2 - 3,2 - 3,2 - 3,4 - 6,4 - 6,,Squid Strip,Stückchen Tintenfisch,,,Plump Worm,Dickwurm,75,4,7,!!!,Powerful,Fester Anschlag,,,,,,,,,,,Yes,Yes,Yes,4,,Manta,Manta,,Yes,No,No,No,No,No,No,Yes,Yes,Yes,Yes,Yes,Yes
Cieldalaes,Devil's Sting,Teufelsstachel,,7 - 11,,9 - 12,7 - 11,,Squid Strip,Stückchen Tintenfisch,,,Krill,Krill,201,2,3,!!,Powerful,Fester Anschlag,,,,,,,,,,,Yes,No,No,4,,,,,No,No,No,No,No,No,No,No,Yes,No,No,Yes,No
Cieldalaes,Callichthyid,Panzerwels,,,6 - 8,10 - 12,,,Squid Strip,Stückchen Tintenfisch,,,Plump Worm,Dickwurm,178,2,3,!!!,Powerful,Fester Anschlag,,,,,,,,,,,Yes,No,No,4,,,,,No,No,No,No,No,No,No,No,Yes,No,No,Yes,No
Cieldalaes,Meandering Mora,Treibfisch,,,7 - 9,9 - 11,,,Squid Strip,Stückchen Tintenfisch,,,Plump Worm,Dickwurm,283,2,3,!!,Powerful,Fester Anschlag,,,,,,,,,,,No,Yes,No,4,,,,,No,No,No,No,No,No,No,No,No,Yes,No,No,Yes
Cieldalaes,F!Hafgufa,Hafgufa,,,,,9 - 12,,Squid Strip,Stückchen Tintenfisch,,,Squid Strip,Stückchen Tintenfisch,500,1,1,!!!,Powerful,Fester Anschlag,,,,,,,,,,,No,No,Yes,5,,,,"(15s) x2 <img class=""iconMini"" src=""../img/fish/Jetborne Manta.png"" alt=""Düsenmanta"" data-bs-toggle=""tooltip"" data-bs-trigger=""hover"" data-bs-title=""Düsenmanta"" tabindex=""0""> + x1 <img class=""iconMini"" src=""../img/fish/Mistbeard_s Cup.png"" alt=""Rauschebarttasse"" data-bs-toggle=""tooltip"" data-bs-trigger=""hover"" data-bs-title=""Rauschebarttasse"" tabindex=""0"">",Yes,No,No,No,No,No,No,Yes,No,No,Yes,No,No
Bloodbrine,Thaliak Crab,Thaliak-Krabbe,4 - 7,4 - 7,4 - 7,7 - 11,,,,,,,Ragworm,Steinwurm,9,2,3,!,Precision,Präziser Anschlag,Yes,Yes,Yes,Yes,Yes,Yes,Rain,Regnerisch,Showers,Wolkenbruch,,,,1,C,Crab,Krabbe,,No,No,No,No,No,No,No,Yes,Yes,Yes,No,No,No
Bloodbrine,Star of the Destroyer,Sternsplitter,7 - 13,7 - 13,7 - 13,10 - 17,,,,,,,Ragworm,Steinwurm,14,2,3,!,Precision,Präziser Anschlag,Yes,Yes,Yes,No,No,Yes,Rain,Regnerisch,Showers,Wolkenbruch,,,,1,,,,,No,No,No,No,No,No,No,Yes,Yes,Yes,No,No,No
Bloodbrine,True Scad,Stöcker,6 -10,6 - 10,6 - 10,9 - 14,,,,,,,Krill,Krill,8,2,3,!!,Powerful,Fester Anschlag,Yes,Yes,Yes,Yes,Yes,Yes,Rain,Regnerisch,Showers,Wolkenbruch,,,,1,,,,,Yes,No,No,No,No,No,No,Yes,Yes,Yes,No,No,No
Bloodbrine,Blooded Wrasse,Blutlippenfisch,12 - 17,12 - 17,7 - 12,12 - 17,,,,,,,Plump Worm,Dickwurm,35,2,3,!!,Powerful,Fester Anschlag,Yes,Yes,Yes,Yes,No,Yes,Rain,Regnerisch,Showers,Wolkenbruch,,,,2,,,,,No,No,No,No,No,No,No,Yes,Yes,Yes,No,No,No
Bloodbrine,Bloodpolish Crab,Blutzangenkrabbe,14 - 27,19 - 32,19 - 32,19 - 32,,,,,,,Ragworm,Steinwurm,28,4,7,!,Precision,Präziser Anschlag,Yes,Yes,Yes,Yes,Yes,Yes,Rain,Regnerisch,Showers,Wolkenbruch,,,,2,C,Crab,Krabbe,,No,No,No,No,No,No,No,Yes,Yes,Yes,No,No,No
Bloodbrine,Blue Stitcher,Blaue Nadel,8 - 11,3 - 6,8 - 11,8 - 11,,,,,,,Krill,Krill,30,2,3,!,Precision,Präziser Anschlag,Yes,No,No,Yes,Yes,Yes,Rain,Regnerisch,Showers,Wolkenbruch,,,,2,,,,,No,No,No,No,No,No,No,Yes,Yes,Yes,No,No,No
Bloodbrine,Bloodfresh Tuna,Blutfrisch-Thunfisch,14 - 21,14 - 21,14 - 21,14 - 21,,,,,,,Plump Worm,Dickwurm,43,2,3,!!,Powerful,Fester Anschlag,Yes,Yes,Yes,Yes,Yes,Yes,Rain,Regnerisch,Showers,Wolkenbruch,,,,3,,,,,No,No,No,No,No,No,No,Yes,Yes,Yes,No,No,No
Bloodbrine,T!Sunken Mask,Verschollene Maske,14 - 22,14 - 22,14 - 22,14 - 22,,,,,,,Ragworm,Steinwurm,49,2,3,!!!,Powerful,Fester Anschlag,Yes,Yes,Yes,Yes,Yes,Yes,Rain,Regnerisch,Showers,Wolkenbruch,,,,3,,,,,Yes,No,No,No,No,No,No,Yes,Yes,No,No,No,No
Bloodbrine,Spectral Eel,Spektralaal,14 - 22,14 - 22,14 - 22,14 - 22,,,,,,,Krill,Krill,100,1,1,!!!,Powerful,Fester Anschlag,Yes,Yes,Yes,Yes,Yes,No,Rain,Regnerisch,Showers,Wolkenbruch,,,,4,,,,,Yes,No,No,No,No,No,No,Yes,Yes,No,No,No,No
Bloodbrine,I!Bareface,Bargesicht,,8 - 15,,,,,,,,,Krill,Krill,326,1,1,!!!,Powerful,Fester Anschlag,Yes,Yes,Yes,Yes,Yes,Yes,Rain,Regnerisch,Showers,Wolkenbruch,,,,4,,,,"(60s) x1 <img class=""iconMini"" src=""../img/fish/Sunken Mask.png"" alt=""Verschollene Maske"" data-bs-toggle=""tooltip"" data-bs-trigger=""hover"" data-bs-title=""Verschollene Maske"" tabindex=""0"">",No,No,No,No,No,No,No,Yes,Yes,No,No,No,No
Bloodbrine,Oracular Crab,Kultkrabbe,2 - 3,2 - 3,2 - 3,4 - 6,,,Pill Bug,Pillendreher,,,Ragworm,Steinwurm,102,4,7,!,Precision,Präziser Anschlag,,,,,,,,,,,Yes,No,No,4,C,Crab,Krabbe,,No,No,No,No,No,No,No,No,No,Yes,No,No,No
Bloodbrine,Dravanian Bream,Dravanische Brasse,3 - 4,3 - 4,3 - 4,5 - 7,,,Pill Bug,Pillendreher,,,Krill,Krill,77,2,3,!,Precision,Präziser Anschlag,,,,,,,,,,,Yes,Yes,Yes,4,,,,,No,No,No,No,No,No,No,Yes,Yes,Yes,No,No,No
Bloodbrine,Skaldminni,Bardenrochen,,4.5 - 8,,7 - 10,,,Pill Bug,Pillendreher,,,Krill,Krill,102,4,7,!!,Powerful,Fester Anschlag,,,,,,,,,,,No,No,Yes,4,,Manta,Manta,,No,No,No,No,No,No,No,No,Yes,No,No,No,No
Bloodbrine,Serrated Clam,Sägemuschel,3 - 4,3 - 4,3 - 4,5 - 7,3 - 4,,Pill Bug,Pillendreher,,,Ragworm,Steinwurm,74,2,3,!,Precision,Präziser Anschlag,,,,,,,,,,,Yes,Yes,Yes,4,,,,,No,No,No,No,No,No,No,Yes,Yes,Yes,No,No,No
Bloodbrine,T!Beatific Vision,Beseligende Vision,2 - 3,2 - 3,2 - 3,5 - 7,2 - 3,,Pill Bug,Pillendreher,,,Pill Bug,Pillendreher,77,4,7,!!,Powerful,Fester Anschlag,,,,,,,,,,,Yes,Yes,Yes,4,,,,,Yes,No,No,No,No,No,No,Yes,Yes,Yes,No,No,No
Bloodbrine,Exterminator,Exterminator,5.5 - 8,,,8 - 10,,,Pill Bug,Pillendreher,,,Ragworm,Steinwurm,255,4,7,!,Precision,Präziser Anschlag,,,,,,,,,,,Yes,No,No,4,C,Crab,Krabbe,,No,No,No,No,No,No,No,No,No,Yes,No,No,No
Bloodbrine,Gory Tuna,Derber Thunfisch,3 - 4,3 - 4,3 - 4,6 - 8,3 - 4,,Pill Bug,Pillendreher,,,Plump Worm,Dickwurm,92,2,3,!!,Powerful,Fester Anschlag,,,,,,,,,,,Yes,Yes,Yes,4,,,,,No,No,No,No,No,No,No,Yes,Yes,Yes,No,No,No
Bloodbrine,Ticinepomis,Ticinepomis,3 - 4,3 - 4,3 - 4,5 - 7,3 - 4,,Pill Bug,Pillendreher,,,Plump Worm,Dickwurm,92,2,3,!!!,Powerful,Fester Anschlag,,,,,,,,,,,Yes,Yes,Yes,4,,,,,Yes,No,No,No,No,No,No,Yes,Yes,Yes,No,No,No
Bloodbrine,Quartz Hammerhead,Quarzhammerhai,,,7 - 9,9 - 11,,,Pill Bug,Pillendreher,,,Plump Worm,Dickwurm,460,2,3,!!!,Powerful,Fester Anschlag,,,,,,,,,,,Yes,Yes,Yes,4,,Shark,Hai,,No,No,No,No,No,No,No,Yes,Yes,Yes,No,No,No
Bloodbrine,F!Seafaring Toad,Hochseetüchtiger Frosch,,,,,9 - 12,,Pill Bug,Pillendreher,,,Pill Bug,Pillendreher,500,1,1,!!!,Precision,Präziser Anschlag,,,,,,,,,,,Yes,No,No,5,,,,"(15s) x3 <img class=""iconMini"" src=""../img/fish/Beatific Vision.png"" alt=""Beseligende Vision"" data-bs-toggle=""tooltip"" data-bs-trigger=""hover"" data-bs-title=""Beseligende Vision"" tabindex=""0"">",Yes,No,No,No,No,No,No,No,No,Yes,No,No,No
Rothlyt,Crow Puffer,Plusterkrähe,3 - 6,3 - 6,3 - 6,5 - 9,,,,,,,Ragworm,Steinwurm,10,2,3,!,Precision,Präziser Anschlag,Yes,Yes,Yes,Yes,Yes,Yes,Thunder,Gewittrig,Thunderstorms,Gewitter,,,,1,F,Fugu,Kugelfisch,,Yes,No,No,No,No,No,No,No,No,No,Yes,Yes,Yes
Rothlyt,T!Rothlyt Kelp,Rothlyt-Alge,6 - 11,6 - 11,6 - 11,8 - 14,,,,,,,Ragworm,Steinwurm,10,3 - 4,5 - 7,!,Precision,Präziser Anschlag,Yes,Yes,Yes,Yes,Yes,Yes,Thunder,Gewittrig,Thunderstorms,Gewitter,,,,1,,,,,Yes,No,No,No,No,No,No,No,No,No,Yes,Yes,Yes
Rothlyt,Living Lantern,Lebende Laterne,6 - 11,6 - 11,6 - 11,9 - 13,,,,,,,Krill,Krill,13,2,3,!!,Powerful,Fester Anschlag,Yes,Yes,Yes,No,No,Yes,Thunder,Gewittrig,Thunderstorms,Gewitter,,,,1,,Jellyfish,Qualle,,Yes,No,No,No,No,No,No,No,No,No,Yes,Yes,Yes
Rothlyt,Honeycomb Fish,Wabenfisch,12 - 23,17 - 28,17 - 28,17 - 27,,,,,,,Ragworm,Steinwurm,29,4,7,!,Precision,Präziser Anschlag,Yes,Yes,Yes,Yes,Yes,Yes,Thunder,Gewittrig,Thunderstorms,Gewitter,,,,2,F,Fugu,Kugelfisch,,No,No,No,No,No,No,No,No,No,No,Yes,Yes,Yes
Rothlyt,Godsbed,Götterwiege,17 - 28,17 - 28,12 - 23,17 - 28,,,,,,,Plump Worm,Dickwurm,29,2,3,!!,Powerful,Fester Anschlag,Yes,No,No,Yes,Yes,Yes,Thunder,Gewittrig,Thunderstorms,Gewitter,,,,2,,,,,No,No,No,No,No,No,No,No,No,No,Yes,Yes,Yes
Rothlyt,Lansquenet,Landsknecht,15 - 25,15 - 25,11 - 20,15 - 25,,,,,,,Plump Worm,Dickwurm,36,2,3,!!,Powerful,Fester Anschlag,Yes,Yes,Yes,Yes,No,Yes,Thunder,Gewittrig,Thunderstorms,Gewitter,,,,2,,,,,No,No,No,No,No,No,No,No,No,No,Yes,Yes,Yes
Rothlyt,Thavnairian Shark,Thavnair-Hai,12 - 17,12 - 17,12 - 17,12 - 17,,,,,,,Krill,Krill,44,2,3,!!!,Powerful,Fester Anschlag,Yes,Yes,Yes,Yes,Yes,Yes,Thunder,Gewittrig,Thunderstorms,Gewitter,,,,3,,Shark,Hai,,No,No,No,No,No,No,No,No,No,No,Yes,Yes,Yes
Rothlyt,Nephrite Eel,Nephrit-Aal,15 - 24,15 - 24,15 - 24,15 - 24,,,,,,,Krill,Krill,44,2,3,!!,Powerful,Fester Anschlag,Yes,Yes,Yes,Yes,Yes,Yes,Thunder,Gewittrig,Thunderstorms,Gewitter,,,,3,,,,,No,No,No,No,No,No,No,No,No,No,Yes,Yes,Yes
Rothlyt,Spectresaur,Spektralsaurier,15 - 24,15 - 24,15 - 24,16 - 24,,,,,,,Plump Worm,Dickwurm,100,1,1,!!!,Powerful,Fester Anschlag,Yes,Yes,Yes,Yes,Yes,No,Thunder,Gewittrig,Thunderstorms,Gewitter,,,,4,,,,,Yes,No,No,No,No,No,No,No,No,No,Yes,Yes,Yes
Rothlyt,I!Ginkgo Fin,Ginkgoflosse,11 - 18,,,,,,,,,,Ragworm,Steinwurm,238,1,1,!!!,Precision,Präziser Anschlag,Yes,Yes,Yes,Yes,Yes,Yes,Thunder,Gewittrig,Thunderstorms,Gewitter,,,,4,,,,"(60s) x3 <img class=""iconMini"" src=""../img/fish/Rothlyt Kelp.png"" alt=""Rothlyt-Alge"" data-bs-toggle=""tooltip"" data-bs-trigger=""hover"" data-bs-title=""Rothlyt-Alge"" tabindex=""0"">",No,No,No,No,No,No,No,No,No,No,Yes,Yes,Yes
Rothlyt,Garum Jug,Garumkrug,2 - 3,2 - 3,2 - 3,4 - 6,,,,,,,Ragworm,Steinwurm,107,4,7,!,Precision,Präziser Anschlag,,,,,,,,,,,Yes,No,Yes,4,F,Fugu,Kugelfisch,,No,No,No,No,No,No,No,No,No,No,No,Yes,Yes
Rothlyt,Smooth Jaguar,Seepanther,3 - 4,3 - 4,3 - 4,5 - 7,,3 - 4,,,M!Rothlyt Mussel,Rothlyt-Muschel,Plump Worm,Dickwurm,70,2,3,!!,Powerful,Fester Anschlag,,,,,,,,,,,Yes,Yes,Yes,4,,,,,No,No,No,No,No,No,No,No,No,No,Yes,Yes,Yes
Rothlyt,M!Rothlyt Mussel,Rothlyt-Muschel,3 - 4,3 - 4,3 - 4,5 - 7,,,,,,,Ragworm,Steinwurm,72,2,3,!,Precision,Präziser Anschlag,,,,,,,,,,,Yes,Yes,Yes,4,,,,,Yes,No,No,No,No,No,No,No,No,No,Yes,Yes,Yes
Rothlyt,Levi Elver,Leviaal,2 - 3,2 - 3,2 - 3,4 - 6,,2 - 3,,,M!Rothlyt Mussel,Rothlyt-Muschel,Krill,Krill,75,2,3,!!,Powerful,Fester Anschlag,,,,,,,,,,,Yes,Yes,Yes,4,,,,,No,No,No,No,No,No,No,No,No,No,Yes,Yes,Yes
Rothlyt,Pearl Bombfish,Perlenbomber,,5 - 6,,7 - 9,,,,,,,Krill,Krill,237,4,7,!!,Powerful,Fester Anschlag,,,,,,,,,,,Yes,No,Yes,4,F,Fugu,Kugelfisch,,No,No,No,No,No,No,No,No,No,No,No,Yes,Yes
Rothlyt,T!Trollfish,Trollfisch,,,,,,3.5 - 6,,,M!Rothlyt Mussel,Rothlyt-Muschel,M!Rothlyt Mussel,Rothlyt-Muschel,202,2,3,!,Precision,Präziser Anschlag,,,,,,,,,,,Yes,Yes,Yes,4,,,,,Yes,No,No,No,No,No,No,No,No,No,Yes,Yes,Yes
Rothlyt,Panoptes,Panoptes,,,4.5 - 8,7 - 11,,7 - 11,,,M!Rothlyt Mussel,Rothlyt-Muschel,Plump Worm,Dickwurm,125,4,7,!!,Powerful,Fester Anschlag,,,,,,,,,,,Yes,No,No,4,,Manta,Manta,,No,No,No,No,No,No,No,No,No,No,No,No,Yes
Rothlyt,Crepe Sole,Königssohle,4.5 - 8,4.5 - 8,4.5 - 8,7 - 11,,,,,,,Ragworm,Steinwurm,72,2,3,!,Precision,Präziser Anschlag,,,,,,,,,,,Yes,Yes,Yes,4,,,,,Yes,No,No,No,No,No,No,No,No,No,Yes,Yes,Yes
Rothlyt,Knifejaw,Messerkinn,,7 - 9,,9 - 11,,,,,,,Krill,Krill,465,2,3,!!,Powerful,Fester Anschlag,,,,,,,,,,,Yes,Yes,Yes,4,,,,,No,No,No,No,No,No,No,No,No,No,Yes,Yes,Yes
Rothlyt,I!Placodus,Placodus,,,,,,9 - 12,,,M!Rothlyt Mussel,Rothlyt-Muschel,M!Rothlyt Mussel,Rothlyt-Muschel,500,1,1,!!!,Powerful,Fester Anschlag,,,,,,,,,,,No,Yes,No,5,,,,"(45s) x1 <img class=""iconMini"" src=""../img/fish/Trollfish.png"" alt=""Trollfisch"" data-bs-toggle=""tooltip"" data-bs-trigger=""hover"" data-bs-title=""Trollfisch"" tabindex=""0"">",Yes,No,No,No,No,No,No,No,No,No,Yes,No,No