Stop,StopTranslated,Fish,FishTranslated,Fish-CN,Fish-KR,BaitRagworm,BaitKrill,BaitPlumpWorm,BaitVersatileLure,BaitSpecial,BaitMooch,BaitSpecialType,BaitSpecialTypeTranslated,BaitMoochType,BaitMoochTypeTranslated,BestBait,BestBaitTranslated,Points,DH,TH,Bite,Hookset,hooksetName,WeatherFairSkies,WeatherClouds,WeatherFog,WeatherSpecial1,WeatherSpecial2,WeatherSpecial3,WeatherClearSkies,WeatherSpecial1Type,WeatherSpecial1TypeTranslated,WeatherSpecial2Type,WeatherSpecial2TypeTranslated,WeatherSpecial3Type,WeatherSpecial3TypeTranslated,TimeFrameDay,TimeFrameSunset,TimeFrameNight,Stars,Mission,Species,SpeciesTranslated,Intuition,FabledTable,Route1,Route2,Route3,Route4,Route5,Route6
Sirensong,The Sirensong Sea,Deepshade Sardine,Deepshade Sardine,深影沙丁鱼,그늘정어리,5 - 9,5 - 9,5 - 9,8 - 12,,,,,,,Plump Worm,Plump Worm,15,2,3,!!,Powerful,Powerful Hookset,Yes,Yes,Yes,No,No,,Yes,Rain,Rain,Thunderstorms,Thunderstorms,,,,,,1,,,,,No,Yes,Yes,Yes,Yes,Yes,Yes
Sirensong,The Sirensong Sea,Sirensong Mussel,Sirensong Mussel,妖歌贻贝,세이렌 홍합,4 - 7,4 - 7,4 - 7,8 - 11,,,,,,,Ragworm,Ragworm,11,3,5,!,Precision,Precision Hookset,Yes,Yes,Yes,Yes,Yes,,Yes,Rain,Rain,Thunderstorms,Thunderstorms,,,,,,1,M,Shellfish,Shellfish,,No,Yes,Yes,Yes,Yes,Yes,Yes
Sirensong,The Sirensong Sea,Arrowhead,Arrowhead,箭头乌贼,화살머리 오징어,9.5 - 18,9.5 - 18,9.5 - 18,12 - 22,,,,,,,Krill,Krill,10,3,5,!!,Powerful,Powerful Hookset,Yes,Yes,Yes,Yes,Yes,,Yes,Rain,Rain,Thunderstorms,Thunderstorms,,,,,,1,Q,Squid,Squid,,Yes,Yes,Yes,Yes,Yes,Yes,Yes
Sirensong,The Sirensong Sea,Pink Shrimp,Pink Shrimp,粉红虾,분홍새우,13 - 20,8 - 15,13 - 20,13 - 20,,,,,,,Krill,Krill,31,3,5,!,Precision,Precision Hookset,Yes,Yes,Yes,Yes,Yes,,Yes,Rain,Rain,Thunderstorms,Thunderstorms,,,,,,2,H,Shrimp,Shrimp,,No,Yes,Yes,Yes,Yes,Yes,Yes
Sirensong,The Sirensong Sea,Sirensong Mullet,Sirensong Mullet,妖歌鲻鱼,노래숭어,10 - 14,5 - 9,10 - 14,10 - 14,,,,,,,Krill,Krill,42,2,3,!!,Powerful,Powerful Hookset,Yes,Yes,Yes,Yes,No,,Yes,Rain,Rain,Thunderstorms,Thunderstorms,,,,,,2,,,,,No,Yes,Yes,Yes,Yes,Yes,Yes
Sirensong,The Sirensong Sea,Selkie Puffer,Selkie Puffer,海妖鲀,셀키복어,11 - 20,15 - 25,15 - 25,15 - 24,,,,,,,Ragworm,Ragworm,38,4,7,!,Precision,Precision Hookset,Yes,No,No,Yes,Yes,,Yes,Rain,Rain,Thunderstorms,Thunderstorms,,,,,,2,,,,,No,Yes,Yes,Yes,Yes,Yes,Yes
Sirensong,The Sirensong Sea,T!Poet's Pipe,Poet's Pipe,T!诗人的笛子,T!시인의 오카리나,17 - 29,18 - 30,18 - 30,18 - 30,,,,,,,Ragworm,Ragworm,56,2,3,!,Precision,Precision Hookset,Yes,Yes,Yes,Yes,Yes,,Yes,Rain,Rain,Thunderstorms,Thunderstorms,,,,,,3,,,,,No,Yes,Yes,Yes,Yes,Yes,Yes
Sirensong,The Sirensong Sea,Marine Matanga,Marine Matanga,海中象魔,바다 마탕가,17 - 27,17 - 27,16 - 26,17 - 27,,,,,,,Plump Worm,Plump Worm,47,2,3,!!!,Powerful,Powerful Hookset,Yes,Yes,Yes,Yes,Yes,,Yes,Rain,Rain,Thunderstorms,Thunderstorms,,,,,,3,,,,,Yes,Yes,Yes,Yes,Yes,Yes,Yes
Sirensong,The Sirensong Sea,Spectral Coelacanth,Spectral Coelacanth,幻光腔棘鱼,유령 실러캔스,15 - 25,15 - 25,15 - 25,15 - 25,,,,,,,Plump Worm,Plump Worm,100,1,1,!!!,Powerful,Powerful Hookset,Yes,Yes,Yes,Yes,Yes,,No,Rain,Rain,Thunderstorms,Thunderstorms,,,,,,4,,,,,Yes,Yes,Yes,Yes,Yes,Yes,Yes
Sirensong,The Sirensong Sea,I!Dusk Shark,Dusk Shark,I!幽暗鲨,I!어스름상어,,,12 - 23,,,,,,,,Plump Worm,Plump Worm,263,1,1,!!!,Powerful,Powerful Hookset,Yes,Yes,Yes,Yes,Yes,,Yes,Rain,Rain,Thunderstorms,Thunderstorms,,,,,,4,,,,"(60s) x2 <img class=""iconMini"" src=""../img/fish/Poet_s Pipe.png"" alt=""Poet's Pipe"" data-bs-toggle=""tooltip"" data-bs-trigger=""hover"" data-bs-title=""Poet's Pipe"" tabindex=""0"">",No,Yes,Yes,Yes,Yes,Yes,Yes
Sirensong,The Sirensong Sea,Mermaid Scale,Mermaid Scale,人鱼之鳞,인어비늘,3 - 4,3 - 4,3 - 4,5 - 7,5 - 8,,Mackerel Strip,Mackerel Strip,,,Ragworm,Ragworm,51,4,7,!,Precision,Precision Hookset,,,,,,,,,,,,,,Yes,Yes,Yes,4,M,Shellfish,Shellfish,,No,Yes,Yes,Yes,Yes,Yes,Yes
Sirensong,The Sirensong Sea,Broadhead,Broadhead,宽头乌贼,넓적머리 오징어,3 - 4,3 - 4,3 - 4,5 - 7,3 - 4,,Mackerel Strip,Mackerel Strip,,,Plump Worm,Plump Worm,68,4,7,!!,Powerful,Powerful Hookset,,,,,,,,,,,,,,Yes,Yes,No,4,Q,Squid,Squid,,No,Yes,Yes,No,No,Yes,Yes
Sirensong,The Sirensong Sea,Vivid Pink Shrimp,Vivid Pink Shrimp,鲜艳粉红虾,진분홍새우,,5.5 - 8,,7 - 10,6 - 7,,Mackerel Strip,Mackerel Strip,,,Krill,Krill,144,4,7,!,Precision,Precision Hookset,,,,,,,,,,,,,,No,No,Yes,4,H,Shrimp,Shrimp,,No,No,No,Yes,Yes,No,No
Sirensong,The Sirensong Sea,T!Sunken Coelacanth,Sunken Coelacanth,T!潜底腔棘鱼,T!심해 실러캔스,3.5 - 6,3.5 - 6,3.5 - 6,6 - 9,3.5 - 6,,Mackerel Strip,Mackerel Strip,,,Plump Worm,Plump Worm,51,2,3,!!!,Powerful,Powerful Hookset,,,,,,,,,,,,,,Yes,Yes,Yes,4,,,,,Yes,Yes,Yes,Yes,Yes,Yes,Yes
Sirensong,The Sirensong Sea,Siren's Sigh,Siren's Sigh,塞壬的叹息,세이렌의 한숨,5 - 6,,,6 - 8,5 - 6,,Mackerel Strip,Mackerel Strip,,,Ragworm,Ragworm,101,2,3,!,Precision,Precision Hookset,,,,,,,,,,,,,,Yes,Yes,Yes,4,,,,,No,Yes,Yes,Yes,Yes,Yes,Yes
Sirensong,The Sirensong Sea,Black-jawed Helicoprion,Black-jawed Helicoprion,黑色旋齿鲨,검은 헬리코프리온,,,5 - 6,6 - 7,5 - 6,,Mackerel Strip,Mackerel Strip,,,Plump Worm,Plump Worm,102,2,3,!!!,Powerful,Powerful Hookset,,,,,,,,,,,,,,No,No,Yes,4,,,,,No,No,No,Yes,Yes,No,No
Sirensong,The Sirensong Sea,Impostopus,Impostopus,伪装章鱼,눈속임문어,,5 - 6,,6 - 8,5 - 6,,Mackerel Strip,Mackerel Strip,,,Krill,Krill,144,2,3,!,Precision,Precision Hookset,,,,,,,,,,,,,,Yes,Yes,Yes,4,,,,,No,Yes,Yes,Yes,Yes,Yes,Yes
Sirensong,The Sirensong Sea,Jade Mantis Shrimp,Jade Mantis Shrimp,翠玉虾,비취 갯가재,,3 - 4,,5 - 7,,,Mackerel Strip,Mackerel Strip,,,Krill,Krill,72,2,3,!,Precision,Precision Hookset,,,,,,,,,,,,,,Yes,Yes,Yes,4,,,,,No,Yes,Yes,Yes,Yes,Yes,Yes
Sirensong,The Sirensong Sea,Nymeia's Wheel,Nymeia's Wheel,妮美雅的纺车,니메이아의 물레,,7 - 8,,8,,,Mackerel Strip,Mackerel Strip,,,Krill,Krill,289,2,3,!!,Powerful,Powerful Hookset,,,,,,,,,,,,,,No,Yes,No,4,,,,,No,Yes,Yes,No,No,No,No
Sirensong,The Sirensong Sea,F!Taniwha,Taniwha,F!塔尼瓦,F!타니와,,,,,9 - 12,,Mackerel Strip,Mackerel Strip,,,Mackerel Strip,Mackerel Strip,500,1,1,!!!,Powerful,Powerful Hookset,,,,,,,,,,,,,,Yes,No,No,5,,,,"(15s) x3 <img class=""iconMini"" src=""../img/fish/Sunken Coelacanth.png"" alt=""Sunken Coelacanth"" data-bs-toggle=""tooltip"" data-bs-trigger=""hover"" data-bs-title=""Sunken Coelacanth"" tabindex=""0"">",Yes,No,No,No,No,Yes,Yes
Kugane,Kugane,Ruby Herring,Ruby Herring,黄金鲱,쿠가네 청어,5 - 9,5 - 9,5 - 9,7 - 12,,10 - 14,,,M!Leopard Prawn,Leopard Prawn,Krill,Krill,14,2,3,!!,Powerful,Powerful Hookset,Yes,Yes,Yes,No,No,,Yes,Rain,Rain,Showers,Showers,,,,,,1,,,,,No,Yes,Yes,Yes,Yes,Yes,Yes
Kugane,Kugane,Whirlpool Turban,Whirlpool Turban,漩涡螺,소용돌이 소라,15 - 29,15 - 29,15 - 29,18 - 32,,,,,,,Ragworm,Ragworm,10,3,5,!,Precision,Precision Hookset,Yes,Yes,Yes,Yes,Yes,,Yes,Rain,Rain,Showers,Showers,,,,,,1,M,Shellfish,Shellfish,,Yes,Yes,Yes,Yes,Yes,Yes,Yes
Kugane,Kugane,M!Leopard Prawn,Leopard Prawn,M!斑纹虾,M!얼룩새우,5 - 9,5 - 9,5 - 9,7 - 12,,,,,,,Ragworm,Ragworm,10,3,5,!,Precision,Precision Hookset,Yes,Yes,Yes,Yes,Yes,,Yes,Rain,Rain,Showers,Showers,,,,,,1,H,Shrimp,Shrimp,,Yes,Yes,Yes,Yes,Yes,Yes,Yes
Kugane,Kugane,Spear Squid,Spear Squid,枪乌贼,한치오징어,17 - 29,17 - 29,12.5 - 24,17 - 29,,,,,,,Plump Worm,Plump Worm,26,3,5,!!,Powerful,Powerful Hookset,Yes,Yes,Yes,Yes,Yes,,Yes,Rain,Rain,Showers,Showers,,,,,,2,Q,Squid,Squid,,No,Yes,Yes,Yes,Yes,Yes,Yes
Kugane,Kugane,Floating Lantern,Floating Lantern,提灯水母,등불해파리,11 - 17,11 - 17,6 - 12,11 - 17,,,,,,,Plump Worm,Plump Worm,37,2,3,!!,Powerful,Powerful Hookset,Yes,Yes,Yes,Yes,No,,Yes,Rain,Rain,Showers,Showers,,,,,,2,,,,,No,Yes,Yes,Yes,Yes,Yes,Yes
Kugane,Kugane,Rubescent Tatsunoko,Rubescent Tatsunoko,斑纹龙,얼룩해마,10 - 14,5 - 9,10 - 14,10 - 14,,,,,,,Krill,Krill,33,2,3,!,Precision,Precision Hookset,Yes,No,No,Yes,Yes,,Yes,Rain,Rain,Showers,Showers,,,,,,2,,,,,No,Yes,Yes,Yes,Yes,Yes,Yes
Kugane,Kugane,Hatatate,Hatatate,扬旗虾虎,기수 망둥이,10 - 14,11 - 15,11 - 15,11 - 15,,7 - 12,,,M!Leopard Prawn,Leopard Prawn,Ragworm,Ragworm,53,2,3,!,Precision,Precision Hookset,Yes,Yes,Yes,Yes,Yes,,Yes,Rain,Rain,Showers,Showers,,,,,,3,,,,,No,Yes,Yes,Yes,Yes,Yes,Yes
Kugane,Kugane,T!Silent Shark,Silent Shark,T!鼠鲨,T!쥐상어,,,,,,6 - 12,,,M!Leopard Prawn,Leopard Prawn,M!Leopard Prawn,Leopard Prawn,35,2,3,!!!,Powerful,Powerful Hookset,Yes,Yes,Yes,Yes,Yes,,Yes,Rain,Rain,Showers,Showers,,,,,,3,,,,,No,Yes,Yes,Yes,Yes,Yes,Yes
Kugane,Kugane,Spectral Wrasse,Spectral Wrasse,幻海求仙,환해 놀래기,17 - 29,17 - 29,17 - 29,17 - 29,,,,,,,Krill,Krill,100,1,1,!!!,Powerful,Powerful Hookset,Yes,Yes,Yes,Yes,Yes,,No,Rain,Rain,Showers,Showers,,,,,,4,,,,,Yes,Yes,Yes,Yes,Yes,Yes,Yes
Kugane,Kugane,I!Mizuhiki,Mizuhiki,I!水引鱼,I!매듭고기,14 - 26,,,,,,,,,,Ragworm,Ragworm,263,1,1,!!!,Precision,Precision Hookset,Yes,Yes,Yes,Yes,Yes,,Yes,Rain,Rain,Showers,Showers,,,,,,4,,,,"(60s) x2 <img class=""iconMini"" src=""../img/fish/Silent Shark.png"" alt=""Silent Shark"" data-bs-toggle=""tooltip"" data-bs-trigger=""hover"" data-bs-title=""Silent Shark"" tabindex=""0"">",No,Yes,Yes,Yes,Yes,Yes,Yes
Kugane,Kugane,M!Snapping Koban,Snapping Koban,M!小判鯙,M!금화 곰치,2 - 3,2 - 3,2 - 3,4 - 6,,2 - 3,,,M!Snapping Koban,Snapping Koban,Krill,Krill,62,2,3,!!,Powerful,Powerful Hookset,,,,,,,,,,,,,,Yes,Yes,Yes,4,,,,,Yes,Yes,Yes,Yes,Yes,Yes,Yes
Kugane,Kugane,Silkweft Prawn,Silkweft Prawn,宝彩虾,비단결새우,2 - 3,2 - 3,2 - 3,4 - 6,,,,,,,Ragworm,Ragworm,58,4,7,!,Precision,Precision Hookset,,,,,,,,,,,,,,Yes,Yes,Yes,4,H,Shrimp,Shrimp,,No,Yes,Yes,Yes,Yes,Yes,Yes
Kugane,Kugane,Stingfin Trevally,Stingfin Trevally,毒平鲹,독안개전갱이,,5.5 - 8,,7 - 9,,,,,,,Krill,Krill,191,2,3,!!,Powerful,Powerful Hookset,,,,,,,,,,,,,,Yes,No,No,4,,,,,No,No,No,Yes,Yes,No,No
Kugane,Kugane,Swordtip Squid,Swordtip Squid,剑乌贼,칼머리 오징어,8 - 11,8 - 11,3.5 - 6,8 - 11,,,,,,,Plump Worm,Plump Worm,115,4,7,!!,Powerful,Powerful Hookset,,,,,,,,,,,,,,Yes,Yes,Yes,4,Q,Squid,Squid,,No,Yes,Yes,Yes,Yes,Yes,Yes
Kugane,Kugane,Mailfish,Mailfish,装甲鱼,갑옷고기,7 - 11,,,9 - 12,,,,,,,Ragworm,Ragworm,198,2,3,!,Precision,Precision Hookset,,,,,,,,,,,,,,No,Yes,No,4,,,,,No,No,No,No,No,Yes,Yes
Kugane,Kugane,Idaten's Bolt,Idaten's Bolt,韦驼天飞鱼,위태천 날치,3 - 4,3 - 4,3 - 4,5 - 8,,,,,,,Krill,Krill,62,2,3,!,Precision,Precision Hookset,,,,,,,,,,,,,,Yes,Yes,Yes,4,,,,,No,Yes,Yes,Yes,Yes,Yes,Yes
Kugane,Kugane,Maelstrom Turban,Maelstrom Turban,龙卷螺,회오리 소라,4.5 - 8,4.5 - 8,4.5 - 8,7 - 11,,,,,,,Ragworm,Ragworm,83,4,7,!,Precision,Precision Hookset,,,,,,,,,,,,,,Yes,Yes,No,4,M,Shellfish,Shellfish,,No,No,No,Yes,Yes,Yes,Yes
Kugane,Kugane,T!Shoshitsuki,Shoshitsuki,T!捷疾鬼,T!첩질귀,,,3 - 4,5 - 8,,,,,,,Plump Worm,Plump Worm,92,2,3,!!!,Powerful,Powerful Hookset,,,,,,,,,,,,,,Yes,Yes,Yes,4,,,,,Yes,Yes,Yes,Yes,Yes,Yes,Yes
Kugane,Kugane,Spadefish,Spadefish,犁头鳐,가래상어,,6 - 8,,7 - 9,,,,,,,Krill,Krill,191,2,3,!!,Powerful,Powerful Hookset,,,,,,,,,,,,,,No,Yes,No,4,,,,,No,No,No,No,No,Yes,Yes
Kugane,Kugane,I!Glass Dragon,Glass Dragon,I!琉璃龙,I!청옥룡,,,,,,8 - 10,,,M!Snapping Koban,Snapping Koban,M!Snapping Koban,Snapping Koban,500,1,1,!!!,Powerful,Powerful Hookset,,,,,,,,,,,,,,No,No,Yes,5,,,,"(45s) x2 <img class=""iconMini"" src=""../img/fish/Shoshitsuki.png"" alt=""Shoshitsuki"" data-bs-toggle=""tooltip"" data-bs-trigger=""hover"" data-bs-title=""Shoshitsuki"" tabindex=""0"">",Yes,Yes,Yes,No,No,No,No
Ruby Sea,The Ruby Sea,T!Crimson Kelp,Crimson Kelp,T!深红巨藻,T!진홍 다시마,4 - 7,4 - 7,4 - 7,7 - 11,,,,,,,Ragworm,Ragworm,11,2,3,!,Precision,Precision Hookset,Yes,Yes,Yes,Yes,Yes,Yes,Yes,Wind,Wind,Gales,Gales,Thunder,Thunder,,,,1,,,,,Yes,No,Yes,No,Yes,Yes,Yes
Ruby Sea,The Ruby Sea,Reef Squid,Reef Squid,暗礁乌贼,무늬오징어,9.5 - 18,9.5 - 18,9.5 - 18,11 - 21,,,,,,,Krill,Krill,10,3,5,!!,Powerful,Powerful Hookset,Yes,Yes,Yes,Yes,Yes,Yes,Yes,Wind,Wind,Gales,Gales,Thunder,Thunder,,,,1,Q,Squid,Squid,,Yes,No,Yes,No,Yes,Yes,Yes
Ruby Sea,The Ruby Sea,Pinebark Flounder,Pinebark Flounder,松皮鲽鱼,송린가자미,5 - 9,5 - 9,5 - 9,8 - 12,,,,,,,Ragworm,Ragworm,15,2,3,!,Precision,Precision Hookset,Yes,Yes,Yes,No,???,???,Yes,Wind,Wind,Gales,Gales,Thunder,Thunder,,,,1,,,,,No,No,Yes,No,Yes,Yes,Yes
Ruby Sea,The Ruby Sea,Mantle Moray,Mantle Moray,羽衣鳝,날개옷 곰치,10 - 14,5 - 9,10 - 14,10 - 14,,,,,,,Krill,Krill,41,2,3,!!,Powerful,Powerful Hookset,Yes,Yes,Yes,Yes,Yes,No,Yes,Wind,Wind,Gales,Gales,Thunder,Thunder,,,,2,,,,,No,No,Yes,No,Yes,Yes,Yes
Ruby Sea,The Ruby Sea,Barded Lobster,Barded Lobster,马龙虾,말새우,10 - 18,15 - 23,15 - 23,15 - 23,,,,,,,Ragworm,Ragworm,33,3,5,!,Precision,Precision Hookset,Yes,Yes,Yes,Yes,Yes,Yes,Yes,Wind,Wind,Gales,Gales,Thunder,Thunder,,,,2,H,Shrimp,Shrimp,,No,No,Yes,No,Yes,Yes,Yes
Ruby Sea,The Ruby Sea,Shisui Goby,Shisui Goby,紫水虾虎,시스이 망둥이,18 - 31,18 - 31,18 - 31,18 - 31,,,,,,,Ragworm,Ragworm,57,2,3,!,Precision,Precision Hookset,Yes,Yes,Yes,Yes,Yes,Yes,Yes,Wind,Wind,Gales,Gales,Thunder,Thunder,,,,3,,,,,No,No,Yes,No,Yes,Yes,Yes
Ruby Sea,The Ruby Sea,Sanbaso,Sanbaso,三番叟,산바소우,18 - 31,18 - 31,14 - 25,19 - 31,,,,,,,Plump Worm,Plump Worm,38,2,3,!!,Powerful,Powerful Hookset,Yes,No,No,Yes,???,Yes,Yes,Wind,Wind,Gales,Gales,Thunder,Thunder,,,,2,,,,,No,No,Yes,No,Yes,Yes,Yes
Ruby Sea,The Ruby Sea,Violet Sentry,Violet Sentry,苍玉仁王,푸른 인왕,14 - 21,14 - 21,13 - 20,14 - 21,,,,,,,Plump Worm,Plump Worm,55,2,3,!!!,Powerful,Powerful Hookset,Yes,Yes,Yes,Yes,Yes,Yes,Yes,Wind,Wind,Gales,Gales,Thunder,Thunder,,,,3,,,,,Yes,No,Yes,No,Yes,Yes,Yes
Ruby Sea,The Ruby Sea,Spectral Snake Eel,Spectral Snake Eel,幻海大蛇,환해 구렁이,15 - 24,15 - 24,15 - 24,15 - 24,,,,,,,Krill,Krill,100,1,1,!!!,Powerful,Powerful Hookset,Yes,Yes,Yes,Yes,Yes,Yes,No,Wind,Wind,Gales,Gales,Thunder,Thunder,,,,4,,,,,Yes,No,Yes,No,Yes,Yes,Yes
Ruby Sea,The Ruby Sea,I!Heavensent Shark,Heavensent Shark,I!天之虎,I!천궁호랑이,,15 - 27,,,,,,,,,Krill,Krill,227,1,1,!!!,Powerful,Powerful Hookset,Yes,Yes,Yes,Yes,Yes,Yes,Yes,Wind,Wind,Gales,Gales,Thunder,Thunder,,,,4,,,,"(60s) x3 <img class=""iconMini"" src=""../img/fish/Crimson Kelp.png"" alt=""Crimson Kelp"" data-bs-toggle=""tooltip"" data-bs-trigger=""hover"" data-bs-title=""Crimson Kelp"" tabindex=""0"">",No,No,Yes,No,Yes,Yes,Yes
Ruby Sea,The Ruby Sea,T!Fleeting Squid,Fleeting Squid,T!芭蕉乌贼,T!파초 오징어,3 - 4,3 - 4,3 - 4,5 - 8,6 - 8,,Squid Strip,Squid Strip,,,Krill,Krill,81,4,7,!!,Powerful,Powerful Hookset,,,,,,,,,,,,,,Yes,Yes,Yes,4,Q,Squid,Squid,,Yes,No,Yes,No,Yes,No,Yes
Ruby Sea,The Ruby Sea,Bowbarb Lobster,Bowbarb Lobster,弓马龙虾,궁마대하,3 - 4,3 - 4,3 - 4,5 - 8,6 - 8,,Squid Strip,Squid Strip,,,Ragworm,Ragworm,83,4,7,!,Precision,Precision Hookset,,,,,,,,,,,,,,Yes,Yes,Yes,4,H,Shrimp,Shrimp,,No,No,Yes,No,Yes,No,Yes
Ruby Sea,The Ruby Sea,Pitch Pickle,Pitch Pickle,黑齿海参,검은니 해삼,5 - 6,,,7 - 8,,,Squid Strip,Squid Strip,,,Ragworm,Ragworm,218,2,3,!,Precision,Precision Hookset,,,,,,,,,,,,,,Yes,No,No,4,,,,,No,No,Yes,No,No,No,No
Ruby Sea,The Ruby Sea,Senbei Octopus,Senbei Octopus,仙贝章鱼,전병문어,4.5 - 7.5,4.5 - 7.5,4.5 - 7.5,8 - 11,4.5 - 7.5,,Squid Strip,Squid Strip,,,Ragworm,Ragworm,83,2,3,!,Precision,Precision Hookset,,,,,,,,,,,,,,Yes,Yes,Yes,4,,,,,Yes,No,Yes,No,Yes,No,Yes
Ruby Sea,The Ruby Sea,Tentacle Thresher,Tentacle Thresher,食蛸鲨,문어먹보,2 - 3,2 - 3,2 - 3,4 - 6,5 - 6,,Squid Strip,Squid Strip,,,Plump Worm,Plump Worm,76,2,3,!!,Powerful,Powerful Hookset,,,,,,,,,,,,,,Yes,Yes,Yes,4,,,,,Yes,No,Yes,No,Yes,No,Yes
Ruby Sea,The Ruby Sea,Bekko Rockhugger,Bekko Rockhugger,龟甲团子鱼,베코우 도치,,5 - 6,,7 - 8,,,Squid Strip,Squid Strip,,,Krill,Krill,187,2,3,!!,Powerful,Powerful Hookset,,,,,,,,,,,,,,No,No,Yes,4,,,,,No,No,No,No,No,No,Yes
Ruby Sea,The Ruby Sea,Yellow Iris,Yellow Iris,黄菖蒲,노랑꽃창포어,6 - 8,,,7 - 9,,,Squid Strip,Squid Strip,,,Ragworm,Ragworm,218,2,3,!,Precision,Precision Hookset,,,,,,,,,,,,,,Yes,No,No,4,,,,,No,No,Yes,No,No,No,No
Ruby Sea,The Ruby Sea,Crimson Sentry,Crimson Sentry,红玉仁王,붉은 인왕,,,6 - 8,7 - 9,,,Squid Strip,Squid Strip,,,Plump Worm,Plump Worm,178,2,3,!!!,Powerful,Powerful Hookset,,,,,,,,,,,,,,No,No,Yes,4,,,,,No,No,No,No,No,No,Yes
Ruby Sea,The Ruby Sea,T!Flying Squid,Flying Squid,T!巨型真鱿,T!큰살오징어,8 - 12,8 - 12,4.5 - 8,10 - 14,8 - 12,,Squid Strip,Squid Strip,,,Plump Worm,Plump Worm,126,4,7,!!,Powerful,Powerful Hookset,,,,,,,,,,,,,,Yes,Yes,Yes,4,Q,Squid,Squid,,Yes,No,Yes,No,Yes,No,Yes
Ruby Sea,The Ruby Sea,F!Hells' Claw,Hells' Claw,F!狱之蟹,F!지옥뚜껑게,,,,,8 - 11,,Squid Strip,Squid Strip,,,Squid Strip,Squid Strip,500,1,1,!!!,Powerful,Powerful Hookset,,,,,,,,,,,,,,No,Yes,No,5,,,,"(15s) x2 <img class=""iconMini"" src=""../img/fish/Fleeting Squid.png"" alt=""Fleeting Squid"" data-bs-toggle=""tooltip"" data-bs-trigger=""hover"" data-bs-title=""Fleeting Squid"" tabindex=""0""> + x1 <img class=""iconMini"" src=""../img/fish/Flying Squid.png"" alt=""Flying Squid"" data-bs-toggle=""tooltip"" data-bs-trigger=""hover"" data-bs-title=""Flying Squid"" tabindex=""0"">",Yes,No,No,No,Yes,No,No
One River,The One River,T!Catching Carp,Catching Carp,平铲鲫鱼,주걱붕어,6 - 10,6 - 10,6 - 10,9 - 14,,,,,,,Ragworm,Ragworm,10,2,3,!,Precision,Precision Hookset,Yes,Yes,Yes,Yes,Yes,,Yes,Rain,Rain,Showers,Showers,,,,,,1,,,,,Yes,Yes,No,Yes,No,Yes,No
One River,The One River,Garlean Bluegill,Garlean Bluegill,加雷马蓝鳃太阳鱼,갈레안 우럭,7 - 12,7 - 12,7 - 12,10 - 14,,,,,,,Krill,Krill,14,2,3,!,Precision,Precision Hookset,Yes,Yes,Yes,No,No,,Yes,Rain,Rain,Showers,Showers,,,,,,1,,,,,Yes,Yes,No,Yes,No,Yes,No
One River,The One River,Yanxian Softshell,Yanxian Softshell,延夏鳖,얀샤 자라,8 - 15,8 - 15,8 - 15,10 - 17,,,,,,,Krill,Krill,10,2,3,!!,Powerful,Powerful Hookset,Yes,Yes,Yes,Yes,Yes,,Yes,Rain,Rain,Showers,Showers,,,,,,1,,,,,Yes,Yes,No,Yes,No,Yes,No
One River,The One River,Princess Salmon,Princess Salmon,公主鲑,공주연어,5 - 9,10 - 14,10 - 14,10 - 14,,,,,,,Ragworm,Ragworm,37,2,3,!,Precision,Precision Hookset,Yes,No,No,Yes,Yes,,Yes,Rain,Rain,Showers,Showers,,,,,,2,,,,,No,Yes,No,Yes,No,Yes,No
One River,The One River,Calligraph,Calligraph,墨鱗魚,묵린어,12 - 18,12 - 18,8 - 14,12 - 18,,,,,,,Plump Worm,Plump Worm,40,2,3,!!,Powerful,Powerful Hookset,Yes,Yes,Yes,Yes,No,,Yes,Rain,Rain,Showers,Showers,,,,,,2,,,,,No,Yes,No,Yes,No,Yes,No
One River,The One River,Singular Shrimp,Singular Shrimp,无二虾,무이 새우,13 - 24,17 - 29,17 - 29,17 - 29,,,,,,,Ragworm,Ragworm,31,3,5,!,Precision,Precision Hookset,Yes,Yes,Yes,Yes,Yes,,Yes,Rain,Rain,Showers,Showers,,,,,,2,H,Shrimp,Shrimp,,No,Yes,No,Yes,No,Yes,No
One River,The One River,Brocade Carp,Brocade Carp,锦鲤,양단잉어,14 - 22,14 - 22,14 - 22,14 - 22,,,,,,,Krill,Krill,52,2,3,!!,Powerful,Powerful Hookset,Yes,Yes,Yes,Yes,Yes,,Yes,Rain,Rain,Showers,Showers,,,,,,3,,,,,No,Yes,No,Yes,No,Yes,No
One River,The One River,Yanxian Sturgeon,Yanxian Sturgeon,延夏蝶鲟,얀샤 나비상어,11 - 16,11 - 16,11 - 16,11 - 16,,,,,,,Plump Worm,Plump Worm,49,2,3,!!!,Powerful,Powerful Hookset,Yes,Yes,Yes,Yes,Yes,,Yes,Rain,Rain,Showers,Showers,,,,,,3,,,,,Yes,Yes,No,Yes,No,Yes,No
One River,The One River,Spectral Kotsu Zetsu,Spectral Kotsu Zetsu,幻海骨舌鱼,환해 골설어,17 - 28,17 - 28,17 - 28,18 - 28,,,,,,,Krill,Krill,100,1,1,!!!,Powerful,Powerful Hookset,Yes,Yes,Yes,Yes,Yes,,No,Rain,Rain,Showers,Showers,,,,,,4,,,,,Yes,Yes,No,Yes,No,Yes,No
One River,The One River,I!Fishy Shark,Fishy Shark,I!茂鲨,I!덤불상어,,,17 - 28,,,,,,,,Plump Worm,Plump Worm,223,1,1,!!!,Powerful,Powerful Hookset,Yes,Yes,Yes,Yes,Yes,,Yes,Rain,Rain,Showers,Showers,,,,,,4,,,,"(60s) x3 <img class=""iconMini"" src=""../img/fish/Catching Carp.png"" alt=""Catching Carp"" data-bs-toggle=""tooltip"" data-bs-trigger=""hover"" data-bs-title=""Catching Carp"" tabindex=""0"">",No,Yes,No,Yes,No,Yes,No
One River,The One River,T!Gensui Shrimp,Gensui Shrimp,T!玄水虾,T!겐스이 새우,3 - 4,3 - 4,3 - 4,5 - 8,3 - 4,,Stonefly Nymph,Stonefly Nymph,,,Ragworm,Ragworm,85,4,7,!,Precision,Precision Hookset,,,,,,,,,,,,,,Yes,Yes,Yes,4,H,Shrimp,Shrimp,,Yes,Yes,No,Yes,No,Yes,No
One River,The One River,Yato-no-kami,Yato-no-kami,夜刀神,야토노카미,2 - 3,2 - 3,2 - 3,4 - 6,5 - 6,,Stonefly Nymph,Stonefly Nymph,,,Plump Worm,Plump Worm,79,2,3,!!,Powerful,Powerful Hookset,,,,,,,,,,,,,,Yes,Yes,Yes,4,,,,,No,Yes,No,Yes,No,Yes,No
One River,The One River,Heron's Eel,Heron's Eel,苍鹭鳗,왜가리 장어,3 - 4,3 - 4,3 - 4,5 - 8,3 - 4,,Stonefly Nymph,Stonefly Nymph,,,Plump Worm,Plump Worm,79,2,3,!!,Powerful,Powerful Hookset,,,,,,,,,,,,,,Yes,Yes,Yes,4,,,,,No,Yes,No,Yes,No,Yes,No
One River,The One River,Crowshadow Mussel,Crowshadow Mussel,乌贝,까마귀조개,4.5 - 7,4.5 - 7,4.5 - 7,7 - 10,7 - 11,,Stonefly Nymph,Stonefly Nymph,,,Ragworm,Ragworm,85,4,7,!,Precision,Precision Hookset,,,,,,,,,,,,,,Yes,Yes,Yes,4,M,Shellfish,Shellfish,,Yes,Yes,No,Yes,No,Yes,No
One River,The One River,T!Yanxian Goby,Yanxian Goby,T!无二虾虎,T!무이 망둥이,2 - 3,2 - 3,2 - 3,4 - 6,2 - 3,,Stonefly Nymph,Stonefly Nymph,,,Ragworm,Ragworm,85,2,3,!,Precision,Precision Hookset,,,,,,,,,,,,,,Yes,Yes,Yes,4,,,,,Yes,Yes,No,Yes,No,Yes,No
One River,The One River,Iridescent Trout,Iridescent Trout,彩虹鳟,홍예송어,,5 - 6,,7 - 8,,,Stonefly Nymph,Stonefly Nymph,,,Krill,Krill,184,2,3,!,Precision,Precision Hookset,,,,,,,,,,,,,,No,Yes,No,4,,,,,No,No,No,Yes,No,No,No
One River,The One River,Un-Namazu,Un-Namazu,返祖鲶鱼精,회귀 나마즈오,,5 - 6,,7 - 8,,,Stonefly Nymph,Stonefly Nymph,,,Krill,Krill,209,2,3,!!,Powerful,Powerful Hookset,,,,,,,,,,,,,,No,No,Yes,4,,,,,No,No,No,No,No,Yes,No
One River,The One River,Gakugyo,Gakugyo,无二鳄,악어어,,,6 - 8,8 - 9,,,Stonefly Nymph,Stonefly Nymph,,,Plump Worm,Plump Worm,185,2,3,!!!,Powerful,Powerful Hookset,,,,,,,,,,,,,,No,No,Yes,4,,,,,No,No,No,No,No,Yes,No
One River,The One River,Ginrin Goshiki,Ginrin Goshiki,银鳞五色,오색 은비늘,,5 - 6,,7 - 8,,,Stonefly Nymph,Stonefly Nymph,,,Krill,Krill,209,2,3,!!,Powerful,Powerful Hookset,,,,,,,,,,,,,,No,Yes,No,4,,,,,No,No,No,Yes,No,No,No
One River,The One River,F!Jewel of Plum Spring,Jewel of Plum Spring,F!梅泉宝龟,F!매천의 보물,,,,,5 - 8,,Stonefly Nymph,Stonefly Nymph,,,Stonefly Nymph,Stonefly Nymph,500,1,1,!!!,Powerful,Powerful Hookset,,,,,,,,,,,,,,Yes,No,No,5,,,,"(15s) x2 <img class=""iconMini"" src=""../img/fish/Yanxian Goby.png"" alt=""Yanxian Goby"" data-bs-toggle=""tooltip"" data-bs-trigger=""hover"" data-bs-title=""Yanxian Goby"" tabindex=""0""> + x1 <img class=""iconMini"" src=""../img/fish/Gensui Shrimp.png"" alt=""Gensui Shrimp"" data-bs-toggle=""tooltip"" data-bs-trigger=""hover"" data-bs-title=""Gensui Shrimp"" tabindex=""0"">",Yes,Yes,No,No,No,No,No